disp_id,client_id,account_id_acct,district_id_bank,stmt_frq,date_acct,type_disp,loan_id,account_id,date_loan,amount,duration,payments,status,date_birth,district_id_client,gender,card_id,type_card,date_card
12430,12738,10351,23,monthly,1995-05-04,owner,7115,10351,1997-03-04,88704,48,1848.0,C,1960-10-29,23,F,"","",""
12431,12739,10351,23,monthly,1995-05-04,disponent,7115,10351,1997-03-04,88704,48,1848.0,C,1958-01-17,23,M,"","",""
12532,12840,10436,60,monthly,1996-03-21,owner,7136,10436,1996-09-28,54396,36,1511.0,C,1939-07-27,60,M,"","",""
5965,5965,4937,12,monthly,1993-02-20,owner,6004,4937,1994-07-23,143904,24,5996.0,A,1951-04-10,50,M,"","",""
810,810,675,58,monthly,1995-08-03,owner,5110,675,1997-04-01,102240,60,1704.0,C,1945-09-24,58,F,142,classic,1998-07-01
811,811,675,58,monthly,1995-08-03,disponent,5110,675,1997-04-01,102240,60,1704.0,C,1940-05-28,58,M,"","",""
10813,11121,9030,72,monthly,1995-01-21,owner,6818,9030,1996-12-12,155616,48,3242.0,C,1971-04-10,72,F,"","",""
10814,11122,9030,72,monthly,1995-01-21,disponent,6818,9030,1996-12-12,155616,48,3242.0,C,1979-06-10,72,M,"","",""
11486,11794,9583,31,weekly,1994-05-22,owner,6949,9583,1995-12-12,104712,24,4363.0,A,1970-10-07,31,F,"","",""
11487,11795,9583,31,weekly,1994-05-22,disponent,6949,9583,1995-12-12,104712,24,4363.0,A,1977-02-23,31,M,"","",""
5911,5911,4894,14,monthly,1993-06-20,owner,5997,4894,1993-11-04,117024,24,4876.0,A,1935-10-03,14,M,814,classic,1996-02-15
9687,9995,8092,54,monthly,1995-01-11,owner,6659,8092,1996-02-20,56100,60,935.0,C,1958-07-07,54,M,"","",""
2190,2190,1808,28,monthly,1997-05-16,owner,5318,1808,1998-09-30,385584,48,8033.0,C,1974-10-22,28,M,"","",""
2191,2191,1808,28,monthly,1997-05-16,disponent,5318,1808,1998-09-30,385584,48,8033.0,C,1979-08-04,28,F,"","",""
3291,3291,2725,52,monthly,1997-04-02,owner,5526,2725,1998-11-08,69624,36,1934.0,C,1947-01-23,52,M,517,classic,1998-01-09
4968,4968,4127,50,monthly,1996-05-03,owner,5817,4127,1997-08-15,100800,24,4200.0,D,1938-05-26,50,M,"","",""
6257,6257,5181,75,monthly,1996-02-03,owner,6055,5181,1997-04-28,399120,60,6652.0,C,1942-08-20,75,F,"","",""
798,798,666,27,monthly,1996-03-15,owner,5103,666,1997-11-28,12540,12,1045.0,A,1940-02-12,27,F,140,classic,1997-08-22
799,799,666,27,monthly,1996-03-15,disponent,5103,666,1997-11-28,12540,12,1045.0,A,1936-02-19,27,M,"","",""
8888,9196,7418,21,monthly,1995-04-07,owner,6501,7418,1996-04-29,30276,12,2523.0,B,1939-04-23,21,F,"","",""
1852,1852,1528,50,monthly,1996-06-08,owner,5270,1528,1997-07-21,191088,48,3981.0,C,1962-09-05,50,M,"","",""
3929,3929,3249,74,monthly,1996-10-11,owner,5638,3249,1997-08-27,68124,12,5677.0,A,1957-11-01,74,M,"","",""
861,861,718,1,monthly,1996-03-03,owner,5117,718,1997-08-20,76944,12,6412.0,A,1956-09-13,1,F,151,classic,1998-09-16
4672,4672,3875,44,monthly,1997-10-18,owner,5765,3875,1998-02-10,153936,24,6414.0,C,1949-08-28,44,M,"","",""
655,655,544,32,monthly,1995-05-15,owner,5088,544,1996-08-22,91152,24,3798.0,A,1942-12-10,32,M,119,classic,1996-08-08
10394,10702,8680,17,monthly,1996-02-12,owner,6751,8680,1996-07-14,85716,36,2381.0,C,1938-05-03,17,M,"","",""
10395,10703,8680,17,monthly,1996-02-12,disponent,6751,8680,1996-07-14,85716,36,2381.0,C,1943-04-28,17,F,"","",""
12448,12756,10365,22,monthly,1995-09-02,owner,7122,10365,1997-01-04,260640,36,7240.0,D,1949-01-21,22,F,"","",""
533,533,442,54,monthly,1997-03-30,owner,5063,442,1997-07-10,357840,48,7455.0,D,1941-05-19,54,F,"","",""
10806,11114,9024,1,monthly,1996-01-05,owner,6817,9024,1996-10-04,70656,48,1472.0,C,1952-07-26,1,M,"","",""
11578,11886,9656,61,monthly,1993-11-14,owner,6965,9656,1995-06-13,139536,24,5814.0,A,1941-09-13,61,F,"","",""
3284,3284,2720,2,weekly,1997-06-16,owner,5525,2720,1998-04-27,93888,36,2608.0,C,1936-07-02,2,M,"","",""
3285,3285,2720,2,weekly,1997-06-16,disponent,5525,2720,1998-04-27,93888,36,2608.0,C,1943-09-17,2,F,"","",""
4768,4768,3953,1,monthly,1997-06-16,owner,5782,3953,1998-01-04,63576,12,5298.0,C,1960-04-03,1,F,"","",""
5322,5322,4415,73,monthly,1995-07-05,owner,5878,4415,1997-04-01,74040,12,6170.0,A,1956-03-13,73,F,"","",""
10696,11004,8931,63,weekly,1996-01-01,owner,6793,8931,1997-01-30,186300,60,3105.0,C,1947-11-16,63,M,1081,classic,1998-12-25
3072,3072,2545,1,monthly,1996-12-04,owner,5491,2545,1998-02-13,428784,48,8933.0,C,1936-04-14,1,M,"","",""
3073,3073,2545,1,monthly,1996-12-04,disponent,5491,2545,1998-02-13,428784,48,8933.0,C,1937-10-23,1,F,"","",""
3608,3608,2988,66,after_tr,1996-10-14,owner,5585,2988,1998-07-08,88608,12,7384.0,C,1947-12-09,66,M,"","",""
3609,3609,2988,66,after_tr,1996-10-14,disponent,5585,2988,1998-07-08,88608,12,7384.0,C,1955-10-26,66,F,"","",""
7980,7980,6609,16,monthly,1995-03-27,owner,6342,6609,1995-11-12,60156,36,1671.0,B,1976-08-08,16,M,"","",""
9787,10095,8173,11,monthly,1993-07-05,owner,6678,8173,1994-05-20,80340,12,6695.0,A,1976-02-06,1,F,1038,junior,1995-03-30
9788,10096,8173,11,monthly,1993-07-05,disponent,6678,8173,1994-05-20,80340,12,6695.0,A,1978-01-05,1,M,"","",""
10235,10543,8547,14,weekly,1995-07-17,owner,6734,8547,1996-05-30,173016,36,4806.0,C,1945-02-23,14,F,1059,classic,1997-07-29
1133,1133,940,37,monthly,1994-11-15,owner,5148,940,1996-05-29,284280,60,4738.0,C,1958-09-15,37,F,186,gold,1998-05-12
1134,1134,940,37,monthly,1994-11-15,disponent,5148,940,1996-05-29,284280,60,4738.0,C,1959-10-01,37,M,"","",""
11354,11662,9472,1,weekly,1993-07-06,owner,6929,9472,1995-05-08,36396,12,3033.0,A,1972-04-03,76,M,"","",""
158,158,132,40,after_tr,1996-05-11,owner,4996,132,1996-11-06,88440,12,7370.0,A,1945-07-03,40,F,25,classic,1997-12-06
159,159,132,40,after_tr,1996-05-11,disponent,4996,132,1996-11-06,88440,12,7370.0,A,1938-09-10,40,M,"","",""
3335,3335,2762,19,monthly,1993-03-20,owner,5533,2762,1994-07-05,111384,24,4641.0,A,1967-02-10,11,M,"","",""
4474,4474,3711,3,monthly,1997-05-08,owner,5731,3711,1997-11-05,460980,60,7683.0,D,1964-12-09,3,F,"","",""
4786,4786,3967,54,monthly,1996-09-22,owner,5784,3967,1997-03-29,84600,36,2350.0,D,1938-08-16,54,M,"","",""
11021,11329,9201,69,monthly,1996-10-28,owner,6866,9201,1998-02-05,122472,24,5103.0,C,1961-01-31,69,F,"","",""
13240,13548,11021,1,monthly,1993-08-10,owner,7241,11021,1995-03-04,168984,24,7041.0,B,1976-03-18,1,M,"","",""
5521,5521,4580,9,monthly,1994-08-27,owner,5922,4580,1995-08-05,20220,12,1685.0,A,1973-05-15,9,F,791,classic,1997-05-12
11460,11768,9560,1,monthly,1997-07-13,owner,6948,9560,1998-03-15,157068,36,4363.0,C,1971-09-12,1,F,"","",""
1311,1311,1093,54,monthly,1996-01-14,owner,5174,1093,1997-06-13,385104,48,8023.0,C,1956-12-18,54,F,"","",""
1029,1029,854,62,monthly,1993-09-21,owner,5138,854,1995-05-30,87216,48,1817.0,C,1954-03-16,1,F,"","",""
1130,1130,938,70,monthly,1997-12-13,owner,5147,938,1998-05-21,22260,60,371.0,C,1940-11-26,70,F,"","",""
12074,12382,10068,1,monthly,1997-04-02,owner,7051,10068,1997-07-28,77808,12,6484.0,A,1955-11-29,1,M,"","",""
12075,12383,10068,1,monthly,1997-04-02,disponent,7051,10068,1997-07-28,77808,12,6484.0,A,1963-05-13,1,F,"","",""
12536,12844,10440,72,monthly,1993-09-13,owner,7138,10440,1995-07-03,60000,60,1000.0,C,1946-10-15,45,M,"","",""
12763,13071,10630,41,monthly,1995-01-15,owner,7166,10630,1995-06-24,198240,24,8260.0,A,1956-02-18,41,M,"","",""
1594,1594,1318,56,monthly,1997-12-22,owner,5226,1318,1998-10-11,185544,36,5154.0,C,1939-09-29,56,M,"","",""
4217,4217,3489,9,monthly,1994-12-08,owner,5693,3489,1995-08-01,44088,24,1837.0,A,1951-06-25,9,F,"","",""
6001,6001,4969,60,weekly,1996-08-19,owner,6010,4969,1997-03-06,150180,60,2503.0,C,1937-05-01,60,M,"","",""
12421,12729,10345,36,monthly,1996-04-07,owner,7110,10345,1998-01-21,31260,12,2605.0,C,1968-03-21,36,M,"","",""
12422,12730,10345,36,monthly,1996-04-07,disponent,7110,10345,1998-01-21,31260,12,2605.0,C,1964-09-29,36,F,"","",""
6729,6729,5572,15,monthly,1997-08-11,owner,6136,5572,1998-04-19,140880,60,2348.0,C,1957-12-27,15,M,"","",""
376,376,309,14,monthly,1997-04-25,owner,5036,309,1998-11-25,91248,48,1901.0,C,1973-01-08,14,F,"","",""
7914,7914,6555,38,weekly,1993-03-05,owner,6336,6555,1994-03-31,212400,36,5900.0,A,1966-10-24,38,F,"","",""
5574,5574,4626,9,monthly,1996-06-15,owner,5932,4626,1997-06-18,33348,12,2779.0,A,1970-09-12,9,F,"","",""
5399,5399,4476,24,monthly,1994-11-10,owner,5897,4476,1996-09-25,15192,24,633.0,A,1972-12-27,24,F,"","",""
6299,6299,5213,1,monthly,1995-08-18,owner,6063,5213,1996-04-25,320976,48,6687.0,D,1936-08-09,1,M,833,classic,1998-08-01
13615,13923,11327,7,monthly,1997-10-15,owner,7294,11327,1998-09-27,39168,24,1632.0,C,1979-02-22,7,F,"","",""
4993,4993,4144,1,monthly,1996-08-19,owner,5823,4144,1998-06-21,212976,36,5916.0,C,1973-06-27,1,F,"","",""
4994,4994,4144,1,monthly,1996-08-19,disponent,5823,4144,1998-06-21,212976,36,5916.0,C,1978-06-21,1,M,"","",""
5579,5579,4631,77,after_tr,1996-12-12,owner,5933,4631,1997-12-13,87528,24,3647.0,C,1951-02-16,77,M,796,classic,1998-02-20
5580,5580,4631,77,after_tr,1996-12-12,disponent,5933,4631,1997-12-13,87528,24,3647.0,C,1952-03-01,77,F,"","",""
6936,6936,5735,52,monthly,1995-01-25,owner,6175,5735,1996-02-21,290700,60,4845.0,D,1959-02-27,52,F,"","",""
9062,9370,7565,59,monthly,1996-04-02,owner,6541,7565,1997-08-17,153504,48,3198.0,C,1975-12-20,59,M,"","",""
10469,10777,8742,70,monthly,1997-01-28,owner,6758,8742,1997-07-29,33144,12,2762.0,A,1980-01-27,70,F,"","",""
10470,10778,8742,70,monthly,1997-01-28,disponent,6758,8742,1997-07-29,33144,12,2762.0,A,1976-03-19,70,M,"","",""
3257,3257,2699,73,monthly,1996-12-25,owner,5520,2699,1998-08-30,231168,48,4816.0,C,1978-05-11,73,F,511,junior,1997-08-06
6122,6122,5072,6,monthly,1996-04-12,owner,6028,5072,1997-02-09,317520,60,5292.0,C,1968-02-16,6,F,"","",""
9768,10076,8159,26,monthly,1995-02-08,owner,6676,8159,1995-06-13,29784,24,1241.0,A,1969-12-25,26,F,"","",""
9769,10077,8159,26,monthly,1995-02-08,disponent,6676,8159,1995-06-13,29784,24,1241.0,A,1973-06-27,26,M,"","",""
1216,1216,1012,65,monthly,1994-07-09,owner,5161,1012,1994-10-28,98184,24,4091.0,A,1945-06-12,65,F,"","",""
10655,10963,8899,1,weekly,1994-09-05,owner,6785,8899,1995-12-25,125340,60,2089.0,C,1944-06-15,1,M,"","",""
13300,13608,11069,37,monthly,1995-06-02,owner,7250,11069,1997-03-04,119136,48,2482.0,C,1963-05-15,37,F,"","",""
8909,9217,7437,19,weekly,1997-08-08,owner,6508,7437,1998-04-19,110736,48,2307.0,C,1940-01-30,19,F,"","",""
11329,11637,9455,73,monthly,1996-11-03,owner,6926,9455,1998-02-07,374760,60,6246.0,C,1951-06-12,73,M,"","",""
11330,11638,9455,73,monthly,1996-11-03,disponent,6926,9455,1998-02-07,374760,60,6246.0,C,1954-08-24,73,F,"","",""
7772,7772,6440,1,monthly,1996-11-01,owner,6310,6440,1997-06-17,34572,12,2881.0,A,1976-12-30,1,F,"","",""
944,944,789,39,monthly,1995-02-06,owner,5125,789,1995-11-23,73056,48,1522.0,C,1970-12-18,39,M,"","",""
945,945,789,39,monthly,1995-02-06,disponent,5125,789,1995-11-23,73056,48,1522.0,C,1977-01-10,39,F,"","",""
13160,13468,10954,25,monthly,1996-07-29,owner,7230,10954,1997-04-02,18720,60,312.0,C,1960-10-31,25,M,1220,classic,1997-08-08
13161,13469,10954,25,monthly,1996-07-29,disponent,7230,10954,1997-04-02,18720,60,312.0,C,1955-12-08,25,F,"","",""
3103,3103,2572,64,after_tr,1994-11-13,owner,5494,2572,1996-06-13,360000,48,7500.0,C,1973-03-07,64,F,"","",""
6473,6473,5362,76,weekly,1996-09-06,owner,6097,5362,1997-08-21,202848,48,4226.0,C,1940-09-30,76,F,"","",""
6474,6474,5362,76,weekly,1996-09-06,disponent,6097,5362,1997-08-21,202848,48,4226.0,C,1934-11-30,76,M,"","",""
10900,11208,9104,10,monthly,1994-01-21,owner,6841,9104,1994-08-07,172080,48,3585.0,A,1957-03-05,10,F,"","",""
1511,1511,1252,13,weekly,1995-07-26,owner,5210,1252,1997-04-01,148140,36,4115.0,C,1962-03-06,13,F,"","",""
6034,6034,4995,20,weekly,1994-08-01,owner,6013,4995,1996-02-03,128988,36,3583.0,D,1939-08-15,20,M,"","",""
9367,9675,7824,60,monthly,1994-05-17,owner,6594,7824,1994-09-28,189696,24,7904.0,B,1970-02-19,60,F,"","",""
13312,13620,11079,16,monthly,1995-11-10,owner,7253,11079,1997-04-26,98304,12,8192.0,A,1970-07-26,16,M,1230,classic,1998-03-08
6803,6803,5632,5,weekly,1994-11-15,owner,6153,5632,1995-07-25,285600,60,4760.0,C,1980-12-07,5,F,"","",""
6804,6804,5632,5,weekly,1994-11-15,disponent,6153,5632,1995-07-25,285600,60,4760.0,C,1981-06-07,5,M,"","",""
9149,9457,7637,46,monthly,1996-08-19,owner,6554,7637,1997-01-29,390096,48,8127.0,C,1978-09-26,46,M,991,junior,1998-07-01
9150,9458,7637,46,monthly,1996-08-19,disponent,6554,7637,1997-01-29,390096,48,8127.0,C,1973-11-21,46,F,"","",""
1705,1705,1407,19,after_tr,1997-04-11,owner,5245,1407,1998-01-17,125472,24,5228.0,C,1946-07-01,19,F,"","",""
1706,1706,1407,19,after_tr,1997-04-11,disponent,5245,1407,1998-01-17,125472,24,5228.0,C,1944-07-19,19,M,"","",""
5642,5642,4681,70,monthly,1995-08-08,owner,5942,4681,1997-03-15,162624,48,3388.0,C,1957-11-04,70,F,"","",""
6895,6895,5700,42,monthly,1993-07-20,owner,6169,5700,1995-03-16,103680,60,1728.0,D,1971-06-24,42,M,"","",""
9008,9316,7523,63,monthly,1994-08-29,owner,6526,7523,1995-01-03,288468,36,8013.0,A,1958-10-26,63,F,"","",""
9979,10287,8330,48,monthly,1993-03-28,owner,6699,8330,1994-03-30,7656,24,319.0,A,1962-09-03,48,F,"","",""
9980,10288,8330,48,monthly,1993-03-28,disponent,6699,8330,1994-03-30,7656,24,319.0,A,1959-06-07,48,M,"","",""
11393,11701,9504,9,monthly,1996-01-29,owner,6938,9504,1997-03-10,341280,60,5688.0,C,1949-04-14,9,M,1118,classic,1997-01-02
5873,5873,4863,5,monthly,1996-03-12,owner,5992,4863,1997-03-18,76080,12,6340.0,A,1979-04-06,5,F,813,junior,1996-10-28
8568,8568,7099,1,monthly,1996-08-20,owner,6450,7099,1998-06-10,234336,48,4882.0,C,1971-12-03,1,F,"","",""
10963,11271,9156,18,monthly,1997-09-14,owner,6856,9156,1998-12-01,163332,36,4537.0,C,1937-12-08,18,M,"","",""
2721,2721,2247,24,monthly,1996-04-13,owner,5420,2247,1997-02-24,72504,24,3021.0,C,1950-06-26,24,F,"","",""
3013,3013,2496,51,monthly,1994-05-21,owner,5482,2496,1996-01-12,165120,60,2752.0,C,1950-03-18,51,F,"","",""
3014,3014,2496,51,monthly,1994-05-21,disponent,5482,2496,1996-01-12,165120,60,2752.0,C,1953-11-05,51,M,"","",""
3113,3113,2580,60,monthly,1995-11-09,owner,5495,2580,1996-08-02,89340,60,1489.0,C,1971-11-12,60,F,"","",""
3114,3114,2580,60,monthly,1995-11-09,disponent,5495,2580,1996-08-02,89340,60,1489.0,C,1971-02-24,60,M,"","",""
9413,9721,7861,34,monthly,1995-04-22,owner,6600,7861,1995-10-08,21852,36,607.0,A,1954-12-05,34,M,1010,classic,1996-10-27
6196,6196,5133,68,weekly,1996-12-08,owner,6044,5133,1998-01-27,57060,12,4755.0,C,1943-03-09,68,M,824,classic,1998-04-29
968,968,808,69,monthly,1995-06-13,owner,5128,808,1996-04-11,215616,48,4492.0,D,1957-02-17,69,M,"","",""
976,976,813,16,monthly,1993-02-10,owner,5130,813,1994-05-11,24312,12,2026.0,A,1955-11-19,16,F,"","",""
12882,13190,10728,71,monthly,1994-12-23,owner,7189,10728,1996-03-21,154656,48,3222.0,C,1956-11-28,71,M,"","",""
9110,9418,7607,1,monthly,1993-09-05,owner,6546,7607,1995-03-27,31728,24,1322.0,A,1950-04-10,1,M,"","",""
9111,9419,7607,1,monthly,1993-09-05,disponent,6546,7607,1995-03-27,31728,24,1322.0,A,1950-11-09,1,F,"","",""
11054,11362,9227,51,monthly,1997-11-04,owner,6872,9227,1998-04-29,191580,60,3193.0,C,1966-01-11,51,F,"","",""
11771,12079,9814,64,weekly,1995-01-19,owner,6995,9814,1996-09-26,96168,12,8014.0,A,1972-08-12,64,F,1137,gold,1998-12-01
2291,2291,1888,6,monthly,1996-10-21,owner,5338,1888,1997-08-30,57360,12,4780.0,B,1957-09-19,6,M,"","",""
3730,3730,3084,59,weekly,1996-01-28,owner,5606,3084,1996-08-28,253512,36,7042.0,D,1945-08-07,59,F,"","",""
3793,3793,3137,39,monthly,1996-12-15,owner,5614,3137,1998-09-21,253560,60,4226.0,C,1951-06-20,39,F,"","",""
5978,5978,4949,33,monthly,1996-10-14,owner,6007,4949,1997-08-30,289920,48,6040.0,C,1944-01-27,33,F,819,gold,1998-12-06
7787,7787,6453,34,monthly,1996-07-27,owner,6312,6453,1998-05-17,10944,36,304.0,C,1951-07-10,34,M,"","",""
2623,2623,2167,16,monthly,1993-08-08,owner,5390,2167,1994-10-30,170256,24,7094.0,A,1965-07-16,16,F,418,classic,1995-04-14
4056,4056,3354,63,monthly,1993-11-05,owner,5657,3354,1994-07-05,4980,12,415.0,A,1952-07-26,63,F,"","",""
7390,7390,6118,1,weekly,1994-03-07,owner,6244,6118,1995-01-08,270648,36,7518.0,B,1937-11-04,1,M,"","",""
11496,11804,9591,74,monthly,1993-05-20,owner,6950,9591,1995-04-11,104712,24,4363.0,A,1944-12-12,74,M,"","",""
11377,11685,9493,64,monthly,1995-04-02,owner,6933,9493,1995-09-09,188688,48,3931.0,C,1965-07-23,64,F,"","",""
2430,2430,2000,5,monthly,1997-08-06,owner,5354,2000,1998-07-14,290820,60,4847.0,C,1937-10-28,5,M,378,classic,1998-12-11
2470,2470,2035,53,monthly,1996-05-10,owner,5360,2035,1998-01-25,176328,36,4898.0,C,1943-06-14,53,M,"","",""
2471,2471,2035,53,monthly,1996-05-10,disponent,5360,2035,1998-01-25,176328,36,4898.0,C,1942-01-05,53,F,"","",""
5860,5860,4852,47,monthly,1995-04-13,owner,5989,4852,1996-03-04,213300,36,5925.0,C,1964-04-22,47,M,"","",""
1208,1208,1004,70,monthly,1996-07-02,owner,5158,1004,1998-04-11,188532,36,5237.0,C,1975-09-01,70,F,"","",""
12253,12561,10215,38,monthly,1996-04-12,owner,7087,10215,1997-02-20,44304,24,1846.0,C,1966-06-20,38,M,"","",""
12977,13285,10807,34,monthly,1996-03-13,owner,7201,10807,1997-03-07,67464,12,5622.0,A,1935-12-25,34,M,"","",""
2316,2316,1906,1,monthly,1996-08-01,owner,5343,1906,1997-10-08,44952,24,1873.0,C,1970-03-25,1,M,"","",""
2841,2841,2350,18,monthly,1996-08-04,owner,5451,2350,1997-05-11,159744,48,3328.0,C,1973-04-10,18,F,446,classic,1998-06-04
4520,4520,3747,1,monthly,1994-05-01,owner,5739,3747,1995-01-02,76380,12,6365.0,A,1957-06-28,1,F,"","",""
11446,11754,9548,62,monthly,1996-06-07,owner,6944,9548,1996-11-15,46176,48,962.0,C,1966-11-03,62,M,"","",""
333,333,276,38,monthly,1997-12-08,owner,5027,276,1998-12-02,160920,36,4470.0,C,1971-10-19,38,M,53,classic,1998-10-13
10171,10479,8492,2,monthly,1994-06-29,owner,6726,8492,1995-09-03,85860,60,1431.0,C,1955-10-20,2,F,1055,classic,1996-07-24
11071,11379,9241,74,monthly,1996-09-25,owner,6877,9241,1997-06-19,285240,60,4754.0,C,1952-05-28,74,M,"","",""
11072,11380,9241,74,monthly,1996-09-25,disponent,6877,9241,1997-06-19,285240,60,4754.0,C,1951-04-06,74,F,"","",""
5320,5320,4414,24,monthly,1993-09-10,owner,5877,4414,1995-02-23,97224,24,4051.0,A,1951-04-07,17,F,"","",""
5321,5321,4414,24,monthly,1993-09-10,disponent,5877,4414,1995-02-23,97224,24,4051.0,A,1950-02-01,17,M,"","",""
5826,5826,4825,15,monthly,1994-06-04,owner,5980,4825,1995-08-18,21396,12,1783.0,A,1968-09-09,15,M,"","",""
5827,5827,4825,15,monthly,1994-06-04,disponent,5980,4825,1995-08-18,21396,12,1783.0,A,1975-01-28,15,F,"","",""
8865,9173,7401,1,monthly,1993-02-26,owner,6499,7401,1994-01-05,80952,24,3373.0,A,1945-02-04,1,M,"","",""
8866,9174,7401,1,monthly,1993-02-26,disponent,6499,7401,1994-01-05,80952,24,3373.0,A,1940-10-09,1,F,"","",""
132,132,110,36,monthly,1996-07-17,owner,4990,110,1997-09-08,162576,36,4516.0,C,1953-01-26,36,M,21,classic,1998-02-26
1663,1663,1375,19,monthly,1994-04-27,owner,5237,1375,1995-08-29,45336,24,1889.0,A,1957-04-29,19,M,"","",""
939,939,785,21,weekly,1997-08-09,owner,5124,785,1998-02-12,156096,36,4336.0,C,1952-08-03,21,M,"","",""
13495,13803,11231,1,monthly,1997-02-05,owner,7277,11231,1997-10-24,89280,12,7440.0,A,1947-11-14,1,M,"","",""
6349,6349,5256,72,after_tr,1993-10-25,owner,6072,5256,1994-05-10,193968,36,5388.0,A,1972-12-03,72,M,"","",""
9058,9366,7562,72,weekly,1995-01-17,owner,6540,7562,1995-12-31,309600,48,6450.0,C,1975-06-26,72,M,"","",""
10942,11250,9138,26,monthly,1996-07-18,owner,6851,9138,1997-06-03,272220,60,4537.0,D,1946-09-23,26,F,"","",""
530,530,440,29,monthly,1996-12-22,owner,5061,440,1998-03-13,84288,48,1756.0,C,1957-09-27,29,F,"","",""
9355,9663,7815,19,weekly,1995-04-09,owner,6589,7815,1996-01-01,189696,24,7904.0,A,1945-09-24,19,M,"","",""
9356,9664,7815,19,weekly,1995-04-09,disponent,6589,7815,1996-01-01,189696,24,7904.0,A,1944-11-13,19,F,"","",""
9538,9846,7966,54,monthly,1996-12-27,owner,6625,7966,1997-09-07,473280,60,7888.0,D,1967-07-01,54,F,"","",""
9892,10200,8261,13,monthly,1993-05-12,owner,6687,8261,1993-09-13,87840,24,3660.0,A,1980-02-16,13,F,"","",""
9893,10201,8261,13,monthly,1993-05-12,disponent,6687,8261,1993-09-13,87840,24,3660.0,A,1985-10-19,13,M,"","",""
3822,3822,3161,48,monthly,1996-08-26,owner,5620,3161,1998-06-16,30012,12,2501.0,C,1953-11-26,48,M,"","",""
5606,5606,4650,4,monthly,1995-10-15,owner,5938,4650,1996-08-25,402000,60,6700.0,C,1980-08-06,4,M,"","",""
8667,8667,7181,77,after_tr,1996-07-02,owner,6470,7181,1998-05-17,49872,12,4156.0,C,1967-02-12,77,F,"","",""
992,992,825,19,monthly,1996-03-06,owner,5134,825,1997-02-02,53076,12,4423.0,A,1948-05-21,19,M,164,classic,1998-11-29
10081,10389,8411,20,monthly,1994-12-02,owner,6715,8411,1996-05-06,220620,60,3677.0,C,1943-08-15,20,F,"","",""
10785,11093,9006,40,weekly,1994-09-02,owner,6810,9006,1996-06-08,186384,48,3883.0,C,1959-01-29,40,M,"","",""
11787,12095,9828,11,monthly,1993-05-20,owner,6996,9828,1995-04-13,126600,24,5275.0,A,1939-02-27,47,M,"","",""
9490,9798,7926,69,weekly,1996-06-09,owner,6613,7926,1996-09-22,84120,24,3505.0,A,1950-03-02,69,F,"","",""
1286,1286,1071,68,weekly,1993-05-10,owner,5170,1071,1994-01-20,253200,60,4220.0,C,1950-03-13,52,F,"","",""
9109,9417,7606,21,monthly,1995-03-15,owner,6545,7606,1995-12-12,191880,60,3198.0,C,1949-03-08,21,M,"","",""
10247,10555,8558,1,after_tr,1994-02-27,owner,6736,8558,1994-06-14,288360,60,4806.0,C,1935-12-15,1,M,"","",""
1051,1051,873,73,monthly,1997-04-26,owner,5140,873,1998-02-24,178500,60,2975.0,C,1971-08-26,73,F,"","",""
9298,9606,7765,52,weekly,1994-07-10,owner,6578,7765,1995-12-11,27984,12,2332.0,A,1949-02-16,52,M,"","",""
9447,9755,7890,23,monthly,1996-03-26,owner,6605,7890,1997-10-14,79344,48,1653.0,C,1951-06-05,23,F,"","",""
11668,11976,9730,54,monthly,1997-01-01,owner,6984,9730,1997-08-15,116040,60,1934.0,C,1939-10-27,54,F,"","",""
11669,11977,9730,54,monthly,1997-01-01,disponent,6984,9730,1997-08-15,116040,60,1934.0,C,1944-07-01,54,M,"","",""
11670,11978,9731,54,after_tr,1994-12-01,owner,6985,9731,1995-11-22,113796,36,3161.0,A,1971-10-09,54,M,"","",""
11671,11979,9731,54,after_tr,1994-12-01,disponent,6985,9731,1995-11-22,113796,36,3161.0,A,1977-12-09,54,F,"","",""
12542,12850,10445,72,monthly,1996-05-29,owner,7139,10445,1998-01-22,23412,12,1951.0,C,1955-08-26,72,M,1178,classic,1997-06-19
12543,12851,10445,72,monthly,1996-05-29,disponent,7139,10445,1998-01-22,23412,12,1951.0,C,1957-09-27,72,F,"","",""
1327,1327,1106,20,weekly,1993-08-29,owner,5176,1106,1994-11-12,192552,24,8023.0,B,1963-12-31,20,F,"","",""
13382,13690,11138,70,weekly,1995-08-18,owner,7263,11138,1996-01-19,89880,24,3745.0,A,1963-05-16,70,M,1233,classic,1996-07-06
3264,3264,2705,63,after_tr,1993-07-05,owner,5523,2705,1993-12-08,93888,36,2608.0,A,1950-10-20,63,F,"","",""
6383,6383,5283,15,monthly,1997-09-18,owner,6078,5283,1998-09-09,170832,48,3559.0,C,1970-01-07,15,M,"","",""
12335,12643,10280,69,monthly,1996-12-01,owner,7100,10280,1997-12-31,348120,60,5802.0,C,1962-07-20,69,F,1167,classic,1998-07-18
12743,13051,10613,55,monthly,1997-11-04,owner,7164,10613,1998-08-15,249792,48,5204.0,C,1965-01-13,55,M,1193,classic,1998-10-01
6946,6946,5742,74,after_tr,1995-07-05,owner,6178,5742,1995-12-16,232560,48,4845.0,C,1970-01-29,74,F,"","",""
9054,9362,7559,56,monthly,1997-05-24,owner,6539,7559,1998-07-11,12792,12,1066.0,C,1973-07-19,56,F,"","",""
9851,10159,8225,50,monthly,1996-12-07,owner,6682,8225,1998-03-30,36204,12,3017.0,D,1938-01-06,50,M,"","",""
12160,12468,10134,22,monthly,1997-04-26,owner,7067,10134,1998-01-11,136368,24,5682.0,C,1969-07-04,22,M,"","",""
2403,2403,1978,57,weekly,1993-06-11,owner,5351,1978,1994-12-04,205200,36,5700.0,A,1963-01-25,1,F,"","",""
6275,6275,5196,13,weekly,1997-06-29,owner,6059,5196,1997-12-28,79824,12,6652.0,A,1956-12-30,13,M,831,classic,1998-06-29
6363,6363,5267,4,monthly,1996-01-12,owner,6075,5267,1997-11-26,129312,24,5388.0,D,1973-10-20,4,F,"","",""
9625,9933,8041,1,monthly,1993-10-10,owner,6645,8041,1994-11-06,140400,36,3900.0,A,1941-10-15,74,M,1025,classic,1997-09-08
1509,1509,1250,62,monthly,1996-03-28,owner,5209,1250,1996-11-25,182640,48,3805.0,C,1942-04-19,62,F,"","",""
2809,2809,2322,33,monthly,1995-01-02,owner,5445,2322,1996-06-29,46320,24,1930.0,A,1979-02-14,33,M,"","",""
6178,6178,5120,1,monthly,1993-06-21,owner,6038,5120,1994-08-10,323472,48,6739.0,A,1940-10-15,1,F,823,classic,1998-06-05
10818,11126,9034,1,monthly,1993-06-28,owner,6820,9034,1993-12-16,38148,12,3179.0,A,1965-01-22,1,F,"","",""
4428,4428,3674,38,monthly,1993-03-12,owner,5723,3674,1994-09-10,23628,12,1969.0,A,1954-03-09,38,M,"","",""
7796,7796,6461,50,monthly,1996-07-17,owner,6313,6461,1997-06-15,150912,36,4192.0,C,1975-09-27,50,F,918,classic,1998-04-27
7797,7797,6461,50,monthly,1996-07-17,disponent,6313,6461,1997-06-15,150912,36,4192.0,C,1970-07-30,50,M,"","",""
11566,11874,9646,1,weekly,1996-07-30,owner,6962,9646,1998-04-02,279072,48,5814.0,C,1969-01-19,1,M,"","",""
11567,11875,9646,1,weekly,1996-07-30,disponent,6962,9646,1998-04-02,279072,48,5814.0,C,1967-06-23,1,F,"","",""
11995,12303,10001,24,monthly,1995-05-28,owner,7034,10001,1996-07-11,19044,36,529.0,C,1974-04-05,24,F,"","",""
5517,5517,4576,27,monthly,1993-06-05,owner,5918,4576,1994-06-04,300204,36,8339.0,A,1964-03-13,57,M,"","",""
9119,9427,7614,62,monthly,1995-02-08,owner,6550,7614,1996-05-18,320592,48,6679.0,C,1970-11-09,62,F,989,classic,1996-02-21
9120,9428,7614,62,monthly,1995-02-08,disponent,6550,7614,1996-05-18,320592,48,6679.0,C,1965-05-09,62,M,"","",""
11912,12220,9928,60,monthly,1995-11-09,owner,7013,9928,1996-08-02,89340,60,1489.0,C,1971-11-12,60,F,"","",""
11913,12221,9928,60,monthly,1995-11-09,disponent,7013,9928,1996-08-02,89340,60,1489.0,C,1971-02-24,60,M,"","",""
7150,7150,5912,45,monthly,1996-10-25,owner,6207,5912,1998-06-23,184620,60,3077.0,C,1963-09-16,45,F,"","",""
8091,8091,6701,49,weekly,1993-03-15,owner,6356,6701,1993-12-08,95400,36,2650.0,A,1971-02-10,5,M,"","",""
11006,11314,9188,45,monthly,1993-02-08,owner,6863,9188,1993-07-28,127080,60,2118.0,A,1936-06-02,45,M,"","",""
11794,12102,9833,20,monthly,1993-07-24,owner,6998,9833,1994-05-21,97632,12,8136.0,A,1968-09-07,21,F,"","",""
2451,2451,2018,42,monthly,1995-06-04,owner,5358,2018,1997-01-21,38520,12,3210.0,A,1939-12-06,42,M,"","",""
2746,2746,2268,1,monthly,1995-02-11,owner,5429,2268,1996-07-18,20196,36,561.0,C,1971-02-25,1,M,"","",""
10815,11123,9031,47,monthly,1997-01-15,owner,6819,9031,1997-05-03,50112,24,2088.0,C,1948-01-29,47,M,"","",""
11549,11857,9633,70,monthly,1996-01-08,owner,6959,9633,1997-06-30,59448,24,2477.0,D,1952-08-26,70,M,"","",""
3763,3763,3112,38,monthly,1994-08-12,owner,5610,3112,1996-02-24,123216,48,2567.0,C,1977-08-12,38,F,587,junior,1996-08-05
3764,3764,3112,38,monthly,1994-08-12,disponent,5610,3112,1996-02-24,123216,48,2567.0,C,1978-01-29,38,M,"","",""
13295,13603,11065,11,monthly,1993-03-19,owner,7249,11065,1994-06-12,69360,48,1445.0,A,1941-07-28,46,M,"","",""
2822,2822,2334,50,monthly,1996-03-19,owner,5446,2334,1997-08-04,48312,24,2013.0,C,1958-10-19,50,M,"","",""
9032,9340,7542,54,monthly,1996-05-16,owner,6534,7542,1997-10-19,590820,60,9847.0,C,1967-08-22,54,M,"","",""
11266,11574,9403,1,weekly,1993-03-27,owner,6919,9403,1994-08-05,120888,36,3358.0,A,1944-04-20,1,F,"","",""
6042,6042,5001,53,monthly,1995-12-15,owner,6015,5001,1996-11-09,110112,24,4588.0,A,1963-10-12,53,M,"","",""
7678,7678,6358,3,monthly,1995-05-27,owner,6296,6358,1996-08-06,270384,48,5633.0,C,1962-04-07,3,M,"","",""
7753,7753,6425,31,monthly,1993-03-29,owner,6306,6425,1994-12-20,36684,12,3057.0,A,1978-09-23,70,F,"","",""
8502,8502,7045,51,monthly,1996-12-26,owner,6435,7045,1997-06-16,288720,48,6015.0,C,1943-04-19,51,M,956,classic,1998-09-30
2148,2148,1772,31,weekly,1995-02-20,owner,5312,1772,1996-03-13,202788,36,5633.0,C,1953-07-20,31,F,"","",""
4024,4024,3329,3,monthly,1996-10-12,owner,5651,3329,1997-12-08,19248,12,1604.0,A,1964-10-16,3,M,"","",""
4025,4025,3329,3,monthly,1996-10-12,disponent,5651,3329,1997-12-08,19248,12,1604.0,A,1971-10-07,3,F,"","",""
6317,6317,5228,77,after_tr,1993-06-23,owner,6066,5228,1994-07-11,173808,24,7242.0,A,1957-01-27,77,F,"","",""
6318,6318,5228,77,after_tr,1993-06-23,disponent,6066,5228,1994-07-11,173808,24,7242.0,A,1950-03-05,77,M,"","",""
8894,9202,7424,68,monthly,1996-07-28,owner,6502,7424,1997-12-08,30276,12,2523.0,A,1962-02-09,68,M,"","",""
10505,10813,8772,1,monthly,1996-05-16,owner,6763,8772,1997-06-19,88272,48,1839.0,C,1979-05-13,1,F,"","",""
1913,1913,1580,69,monthly,1996-01-08,owner,5281,1580,1997-11-27,194256,24,8094.0,C,1968-04-15,69,M,304,classic,1998-01-06
3649,3649,3021,10,monthly,1996-04-20,owner,5591,3021,1996-12-04,155616,48,3242.0,C,1959-10-25,10,F,"","",""
6731,6731,5574,13,weekly,1994-07-14,owner,6137,5574,1996-04-10,44628,12,3719.0,A,1943-11-26,13,M,"","",""
6798,6798,5628,61,monthly,1994-06-17,owner,6151,5628,1995-04-25,225420,60,3757.0,C,1948-08-03,61,F,"","",""
2647,2647,2187,9,weekly,1996-02-26,owner,5398,2187,1997-11-04,53472,12,4456.0,A,1940-03-26,9,M,"","",""
2648,2648,2187,9,weekly,1996-02-26,disponent,5398,2187,1997-11-04,53472,12,4456.0,A,1934-10-10,9,F,"","",""
6301,6301,5215,55,monthly,1993-07-01,owner,6064,5215,1994-08-04,14628,12,1219.0,A,1949-03-08,55,F,834,classic,1998-08-21
6922,6922,5724,14,after_tr,1995-04-19,owner,6173,5724,1997-01-08,232560,48,4845.0,C,1939-04-27,14,F,"","",""
9303,9611,7769,23,monthly,1993-10-03,owner,6580,7769,1994-05-22,196080,48,4085.0,A,1958-05-27,23,M,"","",""
13072,13380,10884,65,monthly,1995-02-20,owner,7213,10884,1996-02-13,113544,36,3154.0,C,1942-09-18,65,M,"","",""
3251,3251,2694,7,monthly,1993-03-08,owner,5519,2694,1994-03-08,91632,12,7636.0,A,1962-12-28,52,F,"","",""
3252,3252,2694,7,monthly,1993-03-08,disponent,5519,2694,1994-03-08,91632,12,7636.0,A,1961-03-26,52,M,"","",""
3767,3767,3115,14,monthly,1996-03-27,owner,5611,3115,1996-11-15,321180,60,5353.0,C,1936-09-07,14,M,"","",""
3768,3768,3115,14,monthly,1996-03-27,disponent,5611,3115,1996-11-15,321180,60,5353.0,C,1944-03-04,14,F,"","",""
11288,11596,9422,70,monthly,1996-03-06,owner,6921,9422,1996-10-29,86184,12,7182.0,A,1940-12-04,70,F,1111,classic,1996-12-31
3542,3542,2933,10,monthly,1993-06-18,owner,5568,2933,1994-05-17,272520,60,4542.0,C,1939-09-02,10,M,"","",""
3543,3543,2933,10,monthly,1993-06-18,disponent,5568,2933,1994-05-17,272520,60,4542.0,C,1941-08-19,10,F,"","",""
8510,8510,7052,55,after_tr,1997-07-17,owner,6437,7052,1997-11-09,63972,36,1777.0,D,1947-05-24,55,M,"","",""
10184,10492,8505,70,monthly,1997-03-20,owner,6727,8505,1997-12-10,42840,12,3570.0,A,1937-11-11,70,M,"","",""
11825,12133,9859,27,monthly,1996-07-08,owner,7001,9859,1997-08-10,300600,60,5010.0,C,1964-06-26,27,F,1138,classic,1997-06-29
2823,2823,2335,70,monthly,1996-04-04,owner,5447,2335,1997-11-12,541200,60,9020.0,D,1946-12-18,70,F,"","",""
6753,6753,5593,15,monthly,1996-02-27,owner,6144,5593,1996-08-09,44376,12,3698.0,A,1962-05-23,15,M,854,classic,1996-10-07
8598,8598,7123,64,after_tr,1993-04-14,owner,6456,7123,1993-12-09,47016,12,3918.0,A,1957-12-31,46,F,"","",""
10406,10714,8688,66,monthly,1996-11-22,owner,6753,8688,1997-03-20,67980,12,5665.0,A,1946-03-31,66,F,"","",""
13663,13971,11362,67,monthly,1995-10-14,owner,7308,11362,1996-12-27,129408,24,5392.0,A,1962-10-19,67,F,"","",""
2550,2550,2106,1,monthly,1996-02-01,owner,5375,2106,1996-10-03,101520,12,8460.0,A,1976-10-12,1,F,"","",""
946,946,790,54,monthly,1993-05-11,owner,5126,790,1994-07-24,208128,48,4336.0,B,1951-08-06,54,M,159,classic,1995-05-01
2501,2501,2062,70,monthly,1996-03-06,owner,5366,2062,1996-10-29,86184,12,7182.0,A,1940-12-04,70,F,394,classic,1998-10-05
5376,5376,4456,14,monthly,1996-09-03,owner,5889,4456,1998-02-09,321240,60,5354.0,C,1970-01-23,14,M,782,classic,1998-09-29
603,603,501,13,monthly,1995-10-21,owner,5082,501,1996-10-24,262980,60,4383.0,C,1966-03-09,13,F,"","",""
10742,11050,8972,70,monthly,1996-05-21,owner,6805,8972,1996-12-21,45024,48,938.0,C,1957-05-04,70,F,"","",""
12108,12416,10093,1,weekly,1994-07-01,owner,7057,10093,1995-10-20,231696,36,6436.0,A,1973-05-30,1,M,"","",""
12109,12417,10093,1,weekly,1994-07-01,disponent,7057,10093,1995-10-20,231696,36,6436.0,A,1974-01-03,1,F,"","",""
12291,12599,10243,44,monthly,1997-09-03,owner,7091,10243,1998-09-22,113436,36,3151.0,C,1956-01-01,44,M,1165,classic,1998-11-08
631,631,525,70,monthly,1996-03-20,owner,5086,525,1997-07-16,210384,48,4383.0,C,1956-03-22,70,F,"","",""
11565,11873,9645,38,monthly,1996-01-23,owner,6961,9645,1996-06-06,176148,36,4893.0,C,1963-11-20,38,F,"","",""
12494,12802,10404,1,monthly,1996-12-30,owner,7129,10404,1998-03-01,194280,60,3238.0,C,1969-08-12,1,M,1175,classic,1998-11-24
13182,13490,10973,18,weekly,1993-04-20,owner,7235,10973,1993-10-13,154416,48,3217.0,A,1969-05-25,18,F,"","",""
352,352,290,56,monthly,1993-12-02,owner,5032,290,1994-11-03,123696,48,2577.0,A,1940-08-27,56,M,"","",""
6764,6764,5602,19,after_tr,1996-07-10,owner,6147,5602,1997-12-28,177504,48,3698.0,C,1944-04-12,19,M,855,classic,1998-10-24
8615,8615,7136,12,weekly,1995-04-09,owner,6461,7136,1996-09-19,74124,36,2059.0,C,1939-04-13,12,F,"","",""
12787,13095,10650,76,monthly,1997-09-09,owner,7171,10650,1998-02-24,196224,48,4088.0,C,1950-03-16,76,M,1195,gold,1998-09-04
10689,10997,8926,1,monthly,1997-03-21,owner,6791,8926,1998-01-23,566640,60,9444.0,C,1972-02-06,1,F,"","",""
10690,10998,8926,1,monthly,1997-03-21,disponent,6791,8926,1998-01-23,566640,60,9444.0,C,1967-12-19,1,M,"","",""
11603,11911,9677,8,monthly,1996-10-13,owner,6970,9677,1997-06-17,31620,60,527.0,C,1939-10-24,8,M,"","",""
12551,12859,10451,1,monthly,1993-08-29,owner,7142,10451,1994-12-19,482940,60,8049.0,D,1976-05-21,1,F,"","",""
3038,3038,2516,6,monthly,1995-11-16,owner,5486,2516,1997-06-13,466608,48,9721.0,C,1946-03-05,6,F,"","",""
4055,4055,3353,74,monthly,1996-08-27,owner,5656,3353,1997-02-09,146064,24,6086.0,C,1953-06-01,74,F,"","",""
4956,4956,4116,6,monthly,1997-10-05,owner,5815,4116,1998-06-03,151200,36,4200.0,C,1946-10-10,6,M,"","",""
5487,5487,4550,56,monthly,1997-02-06,owner,5909,4550,1998-01-03,61320,60,1022.0,C,1947-09-17,56,F,"","",""
2063,2063,1698,68,monthly,1996-03-14,owner,5301,1698,1996-07-06,141948,36,3943.0,C,1950-09-26,68,F,322,classic,1998-12-28
7166,7166,5927,15,monthly,1993-11-26,owner,6210,5927,1994-06-06,87216,48,1817.0,B,1964-05-13,15,M,"","",""
7325,7325,6062,24,monthly,1996-08-28,owner,6235,6062,1998-04-19,321360,60,5356.0,C,1975-01-24,24,M,886,classic,1998-12-15
11051,11359,9225,11,monthly,1996-01-01,owner,6871,9225,1997-04-13,164256,48,3422.0,C,1972-08-20,11,M,"","",""
11052,11360,9225,11,monthly,1996-01-01,disponent,6871,9225,1997-04-13,164256,48,3422.0,C,1972-04-19,11,F,"","",""
2621,2621,2165,51,monthly,1997-04-08,owner,5389,2165,1997-08-22,78600,24,3275.0,C,1956-05-09,51,M,"","",""
4182,4182,3460,16,monthly,1997-04-08,owner,5683,3460,1998-05-29,140688,48,2931.0,C,1941-06-23,16,M,"","",""
4183,4183,3460,16,monthly,1997-04-08,disponent,5683,3460,1998-05-29,140688,48,2931.0,C,1940-11-13,16,F,"","",""
9285,9593,7753,74,monthly,1993-02-08,owner,6577,7753,1994-03-11,51696,24,2154.0,A,1968-01-28,74,F,1005,classic,1993-11-07
3546,3546,2936,3,monthly,1996-03-27,owner,5569,2936,1998-01-20,504000,60,8400.0,C,1971-02-28,3,M,"","",""
421,421,344,54,monthly,1993-12-01,owner,5044,344,1994-12-21,100980,60,1683.0,C,1965-07-31,54,M,"","",""
4937,4937,4099,54,monthly,1996-05-26,owner,5808,4099,1997-07-31,41856,48,872.0,C,1960-11-09,54,F,750,classic,1998-10-24
7348,7348,6083,6,weekly,1996-09-19,owner,6239,6083,1997-09-28,360864,48,7518.0,D,1977-10-26,6,F,"","",""
10996,11304,9179,28,monthly,1997-01-21,owner,6861,9179,1998-02-28,215040,60,3584.0,C,1960-10-20,28,F,"","",""
12952,13260,10788,67,weekly,1993-11-22,owner,7198,10788,1994-08-23,45768,12,3814.0,A,1977-05-27,72,F,"","",""
13442,13750,11186,12,monthly,1994-11-24,owner,7271,11186,1996-10-02,392460,60,6541.0,C,1980-11-13,12,F,1239,junior,1998-02-02
13443,13751,11186,12,monthly,1994-11-24,disponent,7271,11186,1996-10-02,392460,60,6541.0,C,1979-07-20,12,M,"","",""
13537,13845,11265,15,monthly,1993-01-14,owner,7284,11265,1993-09-15,52788,12,4399.0,A,1973-02-16,15,M,"","",""
9274,9582,7745,2,monthly,1996-11-29,owner,6574,7745,1997-12-20,77544,36,2154.0,C,1942-04-14,2,F,1003,classic,1998-08-09
10220,10528,8533,47,monthly,1995-10-10,owner,6732,8533,1996-09-19,174048,48,3626.0,C,1952-02-16,47,F,1056,classic,1997-11-06
10328,10636,8625,64,monthly,1993-11-10,owner,6745,8625,1995-04-10,47304,24,1971.0,A,1971-08-03,64,M,1064,classic,1996-02-17
12278,12586,10233,27,monthly,1996-02-21,owner,7088,10233,1997-05-03,239160,60,3986.0,C,1947-01-30,27,M,"","",""
4352,4352,3608,72,weekly,1994-08-30,owner,5706,3608,1996-05-24,161496,36,4486.0,C,1971-07-24,72,M,"","",""
9735,10043,8129,45,monthly,1993-06-26,owner,6668,8129,1994-07-30,74736,36,2076.0,A,1965-10-29,45,M,1036,classic,1997-01-17
11558,11866,9640,1,monthly,1993-03-13,owner,6960,9640,1995-01-11,76416,24,3184.0,A,1937-09-02,1,M,"","",""
11559,11867,9640,1,monthly,1993-03-13,disponent,6960,9640,1995-01-11,76416,24,3184.0,A,1934-11-19,1,F,"","",""
12088,12396,10079,62,monthly,1993-05-06,owner,7055,10079,1994-04-06,167100,60,2785.0,C,1970-01-17,62,F,1155,classic,1998-08-01
12089,12397,10079,62,monthly,1993-05-06,disponent,7055,10079,1994-04-06,167100,60,2785.0,C,1973-06-02,62,M,"","",""
5774,5774,4784,46,monthly,1997-08-08,owner,5973,4784,1997-11-24,219456,48,4572.0,C,1960-01-15,46,F,"","",""
5775,5775,4784,46,monthly,1997-08-08,disponent,5973,4784,1997-11-24,219456,48,4572.0,C,1955-03-10,46,M,"","",""
11063,11371,9235,37,monthly,1995-06-24,owner,6875,9235,1997-03-13,83280,48,1735.0,C,1941-11-04,37,F,1098,classic,1998-09-01
12239,12547,10202,70,monthly,1996-07-08,owner,7085,10202,1997-06-19,305424,48,6363.0,C,1963-10-13,70,F,"","",""
13349,13657,11111,1,monthly,1993-05-20,owner,7259,11111,1994-01-31,108144,36,3004.0,A,1963-05-12,59,F,"","",""
13350,13658,11111,1,monthly,1993-05-20,disponent,7259,11111,1994-01-31,108144,36,3004.0,A,1957-04-23,59,M,"","",""
25,25,19,21,monthly,1995-04-07,owner,4961,19,1996-04-29,30276,12,2523.0,B,1939-04-23,21,F,"","",""
2392,2392,1967,26,weekly,1995-02-13,owner,5350,1967,1996-04-21,249312,48,5194.0,C,1955-05-21,26,M,"","",""
11101,11409,9265,1,monthly,1993-02-04,owner,6888,9265,1994-07-11,39576,12,3298.0,A,1980-05-02,32,F,1100,junior,1996-04-10
12020,12328,10022,1,monthly,1997-05-07,owner,7037,10022,1998-01-03,218064,48,4543.0,C,1944-04-08,1,F,1150,classic,1998-08-25
2008,2008,1656,47,monthly,1997-02-01,owner,5293,1656,1998-10-29,189792,48,3954.0,C,1940-06-07,47,M,"","",""
2489,2489,2051,64,weekly,1995-11-08,owner,5363,2051,1997-04-22,293880,60,4898.0,D,1975-01-28,64,F,389,gold,1998-09-19
424,424,347,65,monthly,1993-12-13,owner,5045,347,1995-05-01,187224,24,7801.0,B,1947-10-08,1,M,"","",""
8610,8610,7133,1,monthly,1993-09-17,owner,6460,7133,1994-11-06,48672,36,1352.0,A,1948-05-02,55,F,"","",""
8611,8611,7133,1,monthly,1993-09-17,disponent,6460,7133,1994-11-06,48672,36,1352.0,A,1948-10-26,55,M,"","",""
9967,10275,8321,77,monthly,1993-04-12,owner,6696,8321,1994-05-09,89040,60,1484.0,C,1970-01-25,77,F,"","",""
9968,10276,8321,77,monthly,1993-04-12,disponent,6696,8321,1994-05-09,89040,60,1484.0,C,1976-11-16,77,M,"","",""
10438,10746,8713,53,monthly,1997-05-18,owner,6755,8713,1998-07-24,170700,60,2845.0,C,1971-08-04,53,M,"","",""
10978,11286,9167,56,monthly,1997-04-02,owner,6859,9167,1998-03-07,272220,60,4537.0,C,1940-11-27,56,F,"","",""
13139,13447,10940,50,monthly,1993-09-13,owner,7226,10940,1994-02-23,197748,36,5493.0,A,1970-05-05,13,F,"","",""
13140,13448,10940,50,monthly,1993-09-13,disponent,7226,10940,1994-02-23,197748,36,5493.0,A,1968-07-08,13,M,"","",""
13386,13694,11141,1,weekly,1997-02-11,owner,7264,11141,1997-10-07,44940,12,3745.0,A,1976-01-20,1,F,1234,classic,1997-11-28
6015,6015,4981,54,monthly,1996-01-22,owner,6011,4981,1996-11-28,179328,48,3736.0,C,1973-11-21,54,M,"","",""
9452,9760,7894,27,monthly,1996-04-09,owner,6607,7894,1997-10-21,153144,36,4254.0,C,1969-02-17,27,M,1014,classic,1996-11-02
7311,7311,6051,56,monthly,1993-08-28,owner,6232,6051,1994-07-08,276660,36,7685.0,B,1949-05-18,56,M,"","",""
11153,11461,9307,68,monthly,1993-01-24,owner,6895,9307,1994-09-19,41904,12,3492.0,A,1974-07-08,70,M,"","",""
5563,5563,4616,1,monthly,1997-09-24,owner,5930,4616,1998-01-12,66696,24,2779.0,C,1976-01-01,1,M,795,classic,1998-08-02
10042,10350,8377,29,monthly,1993-11-20,owner,6704,8377,1995-06-01,417060,60,6951.0,C,1961-09-14,29,F,"","",""
10043,10351,8377,29,monthly,1993-11-20,disponent,6704,8377,1995-06-01,417060,60,6951.0,C,1958-11-10,29,M,"","",""
10841,11149,9052,43,after_tr,1995-08-30,owner,6824,9052,1997-02-26,71976,24,2999.0,D,1965-07-14,43,M,"","",""
3601,3601,2982,19,monthly,1996-06-04,owner,5582,2982,1998-04-17,41256,12,3438.0,C,1938-08-03,19,M,565,gold,1997-01-06
3602,3602,2982,19,monthly,1996-06-04,disponent,5582,2982,1998-04-17,41256,12,3438.0,C,1940-12-10,19,F,"","",""
389,389,319,47,weekly,1995-10-17,owner,5041,319,1997-07-11,369000,60,6150.0,C,1974-06-30,47,F,"","",""
8276,8276,6856,43,monthly,1995-08-19,owner,6386,6856,1997-04-30,124344,36,3454.0,C,1979-06-08,43,F,"","",""
4099,4099,3390,12,weekly,1996-12-22,owner,5665,3390,1998-03-11,40632,12,3386.0,C,1945-05-03,12,F,"","",""
426,426,349,72,monthly,1997-06-08,owner,5046,349,1998-09-09,42816,12,3568.0,C,1937-06-01,72,M,"","",""
427,427,349,72,monthly,1997-06-08,disponent,5046,349,1998-09-09,42816,12,3568.0,C,1941-09-14,72,F,"","",""
8918,9226,7445,64,monthly,1993-03-18,owner,6509,7445,1994-03-15,55368,24,2307.0,A,1939-12-25,64,F,"","",""
9261,9569,7733,19,weekly,1996-07-08,owner,6571,7733,1998-05-12,140064,24,5836.0,C,1950-07-18,19,F,1002,classic,1998-07-09
12864,13172,10711,36,monthly,1996-07-08,owner,7187,10711,1997-12-24,24180,60,403.0,C,1938-10-19,36,M,"","",""
2522,2522,2080,74,monthly,1997-04-27,owner,5369,2080,1997-09-12,214596,36,5961.0,C,1937-09-08,74,M,398,classic,1998-02-14
2523,2523,2080,74,monthly,1997-04-27,disponent,5369,2080,1997-09-12,214596,36,5961.0,C,1937-12-02,74,F,"","",""
6175,6175,5118,72,monthly,1995-08-05,owner,6037,5118,1997-05-04,53232,48,1109.0,C,1964-05-17,72,M,"","",""
6039,6039,4999,1,monthly,1996-02-12,owner,6014,4999,1997-05-18,165168,36,4588.0,C,1958-07-03,1,F,820,classic,1998-11-10
6040,6040,4999,1,monthly,1996-02-12,disponent,6014,4999,1997-05-18,165168,36,4588.0,C,1963-04-10,1,M,"","",""
7324,7324,6061,1,monthly,1997-03-08,owner,6234,6061,1998-05-28,5148,12,429.0,C,1963-03-18,1,F,"","",""
2560,2560,2116,70,monthly,1996-05-02,owner,5377,2116,1997-08-04,92400,12,7700.0,A,1974-06-20,70,F,408,classic,1996-12-10
3294,3294,2728,52,weekly,1997-07-06,owner,5527,2728,1998-06-15,156420,60,2607.0,C,1957-03-08,52,M,"","",""
5050,5050,4190,62,monthly,1995-10-04,owner,5830,4190,1997-08-28,405780,60,6763.0,C,1951-01-19,62,M,"","",""
5977,5977,4948,43,monthly,1995-07-29,owner,6006,4948,1996-11-15,359760,60,5996.0,C,1979-05-31,43,M,"","",""
7065,7065,5837,5,monthly,1996-07-18,owner,6196,5837,1997-09-14,177804,36,4939.0,C,1971-07-07,5,F,"","",""
8636,8636,7156,71,monthly,1997-09-11,owner,6464,7156,1998-04-16,49488,24,2062.0,C,1941-11-12,71,F,965,classic,1998-04-02
9394,9702,7844,1,monthly,1993-11-26,owner,6596,7844,1994-06-25,91584,24,3816.0,A,1951-11-16,33,F,"","",""
12070,12378,10065,76,monthly,1996-03-30,owner,7050,10065,1997-09-23,311232,48,6484.0,C,1946-08-27,76,F,1154,classic,1998-09-05
7291,7291,6034,6,weekly,1993-03-19,owner,6228,6034,1993-12-01,464520,60,7742.0,B,1940-12-02,77,F,"","",""
7299,7299,6040,1,monthly,1993-04-22,owner,6229,6040,1994-10-02,11736,24,489.0,A,1938-09-16,1,M,"","",""
8392,8392,6950,36,monthly,1996-10-12,owner,6415,6950,1997-02-12,475680,48,9910.0,C,1966-05-08,36,F,951,classic,1998-08-16
8393,8393,6950,36,monthly,1996-10-12,disponent,6415,6950,1997-02-12,475680,48,9910.0,C,1966-05-06,36,M,"","",""
9901,10209,8268,59,monthly,1996-09-19,owner,6688,8268,1997-09-26,8616,24,359.0,C,1975-10-27,59,M,"","",""
1505,1505,1247,25,monthly,1993-06-08,owner,5208,1247,1995-03-16,99696,48,2077.0,D,1971-06-25,65,F,"","",""
1851,1851,1527,31,after_tr,1993-11-17,owner,5269,1527,1994-11-19,164052,36,4557.0,B,1975-09-12,31,F,"","",""
2136,2136,1762,28,monthly,1993-12-11,owner,5310,1762,1995-04-28,248148,36,6893.0,A,1940-07-24,28,F,"","",""
3616,3616,2994,77,monthly,1996-05-03,owner,5586,2994,1996-09-14,48744,36,1354.0,C,1964-04-14,77,F,569,classic,1997-12-12
8076,8076,6688,16,monthly,1996-06-25,owner,6354,6688,1996-10-23,22968,36,638.0,C,1950-07-27,16,F,"","",""
4712,4712,3907,37,monthly,1996-04-18,owner,5773,3907,1998-03-16,133848,24,5577.0,C,1960-06-06,37,F,"","",""
5866,5866,4858,67,monthly,1997-06-21,owner,5991,4858,1998-07-27,335184,48,6983.0,D,1978-04-03,67,F,"","",""
8366,8366,6930,41,monthly,1993-09-08,owner,6407,6930,1994-05-26,25944,24,1081.0,A,1960-05-21,41,F,947,classic,1997-11-08
124,124,103,44,monthly,1996-03-10,owner,4988,103,1997-12-06,265320,36,7370.0,D,1967-09-21,44,M,"","",""
12782,13090,10645,2,monthly,1996-12-21,owner,7168,10645,1998-07-05,208332,36,5787.0,C,1980-04-18,2,F,"","",""
13604,13912,11317,50,monthly,1997-07-11,owner,7292,11317,1998-11-22,317460,60,5291.0,C,1975-11-20,50,M,"","",""
46,46,38,19,weekly,1997-08-08,owner,4968,38,1998-04-19,110736,48,2307.0,C,1940-01-30,19,F,"","",""
5337,5337,4427,32,monthly,1993-06-07,owner,5882,4427,1994-09-26,87816,12,7318.0,A,1961-05-02,1,M,"","",""
5338,5338,4427,32,monthly,1993-06-07,disponent,5882,4427,1994-09-26,87816,12,7318.0,A,1966-05-25,1,F,"","",""
5468,5468,4533,68,monthly,1997-08-03,owner,5906,4533,1998-05-05,81144,36,2254.0,C,1944-05-27,68,F,785,classic,1998-06-16
6408,6408,5305,47,monthly,1996-09-16,owner,6083,5305,1998-03-31,240528,48,5011.0,C,1956-06-29,47,M,"","",""
8737,8737,7240,17,monthly,1996-04-23,owner,6486,7240,1998-01-15,152160,60,2536.0,C,1948-04-11,17,F,"","",""
8738,8738,7240,17,monthly,1996-04-23,disponent,6486,7240,1998-01-15,152160,60,2536.0,C,1948-07-10,17,M,"","",""
10510,10818,8776,64,monthly,1994-08-24,owner,6764,8776,1995-08-26,33984,48,708.0,C,1972-08-04,64,M,"","",""
5232,5232,4342,74,monthly,1996-04-29,owner,5862,4342,1997-12-09,100128,24,4172.0,C,1948-04-06,74,F,770,classic,1998-06-15
9197,9505,7674,1,monthly,1996-07-21,owner,6562,7674,1997-03-21,94488,24,3937.0,C,1958-08-21,1,M,"","",""
2720,2720,2246,1,monthly,1996-04-25,owner,5419,2246,1997-02-05,415800,60,6930.0,C,1949-09-05,1,F,"","",""
31,31,25,68,monthly,1996-07-28,owner,4962,25,1997-12-08,30276,12,2523.0,A,1962-02-09,68,M,"","",""
3962,3962,3273,74,monthly,1995-12-29,owner,5643,3273,1997-09-21,94512,12,7876.0,B,1952-11-28,74,M,"","",""
7010,7010,5794,70,monthly,1995-07-14,owner,6190,5794,1996-05-06,123600,60,2060.0,C,1967-06-30,70,M,"","",""
7011,7011,5794,70,monthly,1995-07-14,disponent,6190,5794,1996-05-06,123600,60,2060.0,C,1961-04-14,70,F,"","",""
7241,7241,5991,1,monthly,1993-11-21,owner,6223,5991,1994-11-03,61056,48,1272.0,A,1957-09-06,57,F,"","",""
11237,11545,9377,1,monthly,1995-09-17,owner,6913,9377,1997-04-29,99936,24,4164.0,C,1966-01-22,1,F,1105,classic,1997-12-13
13097,13405,10905,32,monthly,1996-11-21,owner,7219,10905,1997-08-23,57120,48,1190.0,C,1958-08-13,32,M,1216,classic,1998-05-26
10074,10382,8405,20,monthly,1994-05-10,owner,6712,8405,1995-10-14,266220,60,4437.0,C,1965-02-17,20,F,"","",""
2719,2719,2245,29,monthly,1993-03-30,owner,5418,2245,1995-01-16,347952,48,7249.0,C,1964-10-30,29,F,"","",""
5727,5727,4746,54,monthly,1997-02-21,owner,5963,4746,1997-09-07,204780,60,3413.0,C,1953-02-24,54,M,803,classic,1998-01-19
9689,9997,8094,67,monthly,1996-11-24,owner,6660,8094,1997-05-09,220428,36,6123.0,C,1962-06-07,67,M,"","",""
1197,1197,993,6,monthly,1996-11-14,owner,5154,993,1998-07-01,108720,60,1812.0,C,1966-10-02,6,F,196,classic,1998-12-22
2592,2592,2143,1,monthly,1996-01-13,owner,5385,2143,1996-09-09,71460,36,1985.0,C,1980-08-31,1,F,413,junior,1997-07-20
2593,2593,2143,1,monthly,1996-01-13,disponent,5385,2143,1996-09-09,71460,36,1985.0,C,1977-06-10,1,M,"","",""
370,370,303,71,monthly,1996-07-25,owner,5034,303,1998-05-30,112752,36,3132.0,C,1956-01-05,71,F,60,classic,1998-10-18
1282,1282,1068,52,monthly,1997-02-15,owner,5169,1068,1998-09-24,253200,60,4220.0,C,1936-11-27,52,M,"","",""
215,215,176,71,weekly,1996-08-12,owner,5005,176,1997-04-10,27456,12,2288.0,A,1967-09-24,71,M,"","",""
3517,3517,2910,68,monthly,1997-10-21,owner,5561,2910,1998-08-29,437460,60,7291.0,C,1953-06-24,68,F,551,classic,1998-09-03
8661,8661,7176,1,monthly,1996-12-07,owner,6468,7176,1997-11-30,203940,60,3399.0,C,1954-05-11,1,F,"","",""
10887,11195,9093,47,monthly,1993-06-16,owner,6836,9093,1994-08-03,189300,60,3155.0,C,1953-12-05,58,M,1087,classic,1996-10-06
9715,10023,8114,59,monthly,1995-10-14,owner,6665,8114,1997-08-15,99300,60,1655.0,C,1973-03-20,59,F,"","",""
12923,13231,10762,1,monthly,1995-10-23,owner,7194,10762,1996-09-17,68832,36,1912.0,C,1959-07-01,1,M,"","",""
3414,3414,2824,11,monthly,1993-10-20,owner,5549,2824,1994-07-16,50460,60,841.0,C,1947-10-17,11,F,538,gold,1998-08-20
1944,1944,1603,1,monthly,1993-05-09,owner,5285,1603,1994-02-06,78936,12,6578.0,A,1957-01-22,31,F,"","",""
8764,8764,7262,70,monthly,1996-08-30,owner,6490,7262,1997-02-10,73260,60,1221.0,C,1940-07-07,70,F,"","",""
11873,12181,9897,1,monthly,1995-03-04,owner,7008,9897,1995-09-22,36168,12,3014.0,A,1961-08-19,1,M,"","",""
8064,8064,6678,54,monthly,1996-01-03,owner,6350,6678,1997-07-09,294384,48,6133.0,C,1966-11-29,54,F,"","",""
2581,2581,2134,52,monthly,1996-08-06,owner,5382,2134,1997-03-17,22932,36,637.0,C,1953-11-19,52,F,"","",""
5384,5384,4462,73,weekly,1995-12-27,owner,5892,4462,1996-05-14,66480,24,2770.0,B,1935-07-21,73,M,"","",""
9665,9973,8073,24,after_tr,1993-09-03,owner,6650,8073,1994-02-17,49320,12,4110.0,B,1945-10-03,24,F,"","",""
12582,12890,10478,70,weekly,1996-02-24,owner,7147,10478,1998-01-02,267600,48,5575.0,C,1958-01-20,70,F,"","",""
5618,5618,4660,63,monthly,1997-01-03,owner,5940,4660,1997-05-28,106944,24,4456.0,C,1953-03-22,63,F,"","",""
9679,9987,8085,73,monthly,1996-04-08,owner,6655,8085,1997-10-17,260400,60,4340.0,D,1950-06-19,73,F,"","",""
10797,11105,9017,70,monthly,1995-11-22,owner,6816,9017,1996-03-26,100224,48,2088.0,D,1957-02-01,70,F,"","",""
6551,6551,5428,24,monthly,1993-04-14,owner,6111,5428,1993-09-24,174744,24,7281.0,B,1948-08-12,24,F,"","",""
11019,11327,9199,72,monthly,1996-05-15,owner,6865,9199,1996-09-11,29448,12,2454.0,B,1947-10-21,72,M,"","",""
2141,2141,1766,28,monthly,1994-09-03,owner,5311,1766,1996-06-15,30060,60,501.0,C,1951-09-06,28,M,337,classic,1996-01-01
2635,2635,2176,67,monthly,1993-06-06,owner,5395,2176,1994-07-30,299088,36,8308.0,B,1966-12-10,67,F,"","",""
3687,3687,3050,60,monthly,1993-05-08,owner,5595,3050,1994-09-02,82896,12,6908.0,A,1972-02-06,49,M,577,classic,1994-02-15
3688,3688,3050,60,monthly,1993-05-08,disponent,5595,3050,1994-09-02,82896,12,6908.0,A,1975-05-02,49,F,"","",""
8200,8200,6792,1,monthly,1996-05-11,owner,6377,6792,1997-03-17,17184,12,1432.0,A,1944-05-31,1,F,"","",""
9637,9945,8051,1,weekly,1993-02-07,owner,6647,8051,1994-06-01,208320,48,4340.0,A,1968-04-14,31,F,"","",""
9638,9946,8051,1,weekly,1993-02-07,disponent,6647,8051,1994-06-01,208320,48,4340.0,A,1960-04-20,31,M,"","",""
2708,2708,2236,73,monthly,1995-08-27,owner,5415,2236,1996-09-26,139464,36,3874.0,D,1958-08-12,73,M,"","",""
13104,13412,10911,1,weekly,1993-05-29,owner,7220,10911,1994-07-28,131292,36,3647.0,A,1954-03-20,1,M,"","",""
2514,2514,2073,59,monthly,1997-08-14,owner,5368,2073,1998-10-05,44640,24,1860.0,C,1957-02-11,59,M,"","",""
2759,2759,2279,2,weekly,1996-10-30,owner,5435,2279,1998-06-01,314688,48,6556.0,C,1974-01-26,2,M,436,classic,1997-10-09
3471,3471,2872,1,monthly,1996-09-04,owner,5556,2872,1997-05-19,268320,60,4472.0,C,1952-09-29,1,F,"","",""
5253,5253,4361,69,monthly,1996-03-11,owner,5868,4361,1997-03-29,90156,12,7513.0,A,1946-10-07,69,F,775,gold,1998-04-11
5254,5254,4361,69,monthly,1996-03-11,disponent,5868,4361,1997-03-29,90156,12,7513.0,A,1948-09-16,69,M,"","",""
6567,6567,5442,34,monthly,1993-03-22,owner,6112,5442,1994-06-17,174744,24,7281.0,B,1978-11-21,5,F,844,junior,1998-03-04
7683,7683,6363,74,monthly,1993-08-01,owner,6297,6363,1994-10-25,17508,12,1459.0,A,1946-04-01,12,M,906,gold,1998-05-18
10202,10510,8519,23,monthly,1993-04-02,owner,6729,8519,1994-08-11,74688,12,6224.0,A,1945-01-26,23,F,"","",""
10203,10511,8519,23,monthly,1993-04-02,disponent,6729,8519,1994-08-11,74688,12,6224.0,A,1950-01-15,23,M,"","",""
1917,1917,1583,69,after_tr,1994-11-17,owner,5282,1583,1996-08-24,388512,48,8094.0,D,1969-03-13,69,F,"","",""
4433,4433,3678,1,monthly,1993-03-24,owner,5724,3678,1995-02-05,316140,60,5269.0,D,1968-02-22,1,M,"","",""
7521,7521,6226,74,weekly,1993-07-26,owner,6272,6226,1994-12-20,398640,60,6644.0,C,1960-02-09,74,F,"","",""
8670,8670,7184,5,monthly,1995-06-19,owner,6471,7184,1996-08-04,155640,24,6485.0,A,1943-01-07,5,F,"","",""
980,980,816,52,monthly,1993-08-05,owner,5131,816,1995-01-08,48624,24,2026.0,A,1961-09-30,40,M,"","",""
1501,1501,1244,68,monthly,1996-05-08,owner,5207,1244,1997-02-28,35904,48,748.0,C,1946-01-22,68,M,"","",""
2288,2288,1886,32,monthly,1996-03-05,owner,5337,1886,1996-07-31,162468,36,4513.0,C,1957-08-23,32,F,"","",""
2289,2289,1886,32,monthly,1996-03-05,disponent,5337,1886,1996-07-31,162468,36,4513.0,C,1954-08-21,32,M,"","",""
2915,2915,2413,33,monthly,1997-10-27,owner,5463,2413,1998-10-06,17952,12,1496.0,C,1954-02-22,33,F,"","",""
7862,7862,6510,74,monthly,1996-12-18,owner,6322,6510,1997-05-06,76992,24,3208.0,C,1965-10-17,74,M,924,classic,1998-12-24
12387,12695,10320,68,monthly,1993-07-11,owner,7104,10320,1993-12-13,259740,60,4329.0,A,1979-03-16,68,M,"","",""
6422,6422,5317,28,monthly,1996-10-20,owner,6088,5317,1997-03-07,90180,36,2505.0,C,1960-09-23,28,M,"","",""
9890,10198,8260,31,monthly,1993-03-24,owner,6686,8260,1994-08-25,224604,36,6239.0,A,1976-05-24,31,M,1040,junior,1995-05-28
9891,10199,8260,31,monthly,1993-03-24,disponent,6686,8260,1994-08-25,224604,36,6239.0,A,1979-08-13,31,F,"","",""
11598,11906,9673,76,monthly,1997-06-07,owner,6969,9673,1998-09-12,88200,36,2450.0,C,1944-12-03,76,M,"","",""
11599,11907,9673,76,monthly,1997-06-07,disponent,6969,9673,1998-09-12,88200,36,2450.0,C,1945-11-16,76,F,"","",""
2843,2843,2352,70,monthly,1995-01-21,owner,5452,2352,1996-04-29,49440,60,824.0,C,1966-10-06,70,F,"","",""
9142,9450,7632,68,monthly,1996-09-22,owner,6552,7632,1998-01-08,170448,48,3551.0,C,1943-10-11,68,F,"","",""
9143,9451,7632,68,monthly,1996-09-22,disponent,6552,7632,1998-01-08,170448,48,3551.0,C,1942-05-05,68,M,"","",""
9238,9546,7713,50,weekly,1996-05-25,owner,6568,7713,1998-02-25,220440,60,3674.0,C,1955-11-02,50,F,"","",""
9409,9717,7859,52,monthly,1995-03-14,owner,6599,7859,1996-11-19,72120,12,6010.0,A,1952-11-10,52,F,1009,gold,1997-06-14
9410,9718,7859,52,monthly,1995-03-14,disponent,6599,7859,1996-11-19,72120,12,6010.0,A,1959-02-03,52,M,"","",""
10167,10475,8489,19,monthly,1993-09-18,owner,6725,8489,1995-06-23,265320,36,7370.0,A,1948-08-28,51,F,"","",""
10168,10476,8489,19,monthly,1993-09-18,disponent,6725,8489,1995-06-23,265320,36,7370.0,A,1950-12-04,51,M,"","",""
4652,4652,3859,53,monthly,1996-04-23,owner,5758,3859,1997-05-02,307200,60,5120.0,D,1962-02-26,53,M,"","",""
7434,7434,6157,34,monthly,1996-11-11,owner,6254,6157,1997-12-28,247920,48,5165.0,C,1942-04-04,34,F,891,classic,1997-12-23
9095,9403,7594,16,monthly,1996-02-16,owner,6544,7594,1997-12-11,130464,48,2718.0,C,1974-03-22,16,M,"","",""
9525,9833,7957,51,monthly,1995-09-07,owner,6621,7957,1997-06-14,42900,12,3575.0,A,1964-09-21,51,M,1016,classic,1997-10-28
9526,9834,7957,51,monthly,1995-09-07,disponent,6621,7957,1997-06-14,42900,12,3575.0,A,1960-03-17,51,F,"","",""
11189,11497,9337,30,monthly,1993-09-13,owner,6903,9337,1994-06-04,52128,24,2172.0,A,1959-07-17,11,F,1103,classic,1995-11-04
4918,4918,4081,11,monthly,1995-07-22,owner,5805,4081,1995-11-28,137904,24,5746.0,B,1968-05-06,11,M,"","",""
8548,8548,7082,57,monthly,1996-09-06,owner,6442,7082,1998-02-08,194160,48,4045.0,C,1945-05-10,57,F,"","",""
11375,11683,9491,7,weekly,1996-08-08,owner,6932,9491,1998-06-25,225504,48,4698.0,C,1980-01-28,7,M,1115,junior,1997-10-03
12050,12358,10049,17,monthly,1996-03-28,owner,7046,10049,1997-03-28,91632,12,7636.0,A,1943-07-05,17,M,"","",""
12051,12359,10049,17,monthly,1996-03-28,disponent,7046,10049,1997-03-28,91632,12,7636.0,A,1935-10-13,17,F,"","",""
3606,3606,2986,63,monthly,1996-04-09,owner,5584,2986,1997-12-06,24792,24,1033.0,C,1958-06-06,63,M,566,classic,1997-12-25
4710,4710,3906,52,monthly,1997-07-08,owner,5772,3906,1998-03-08,334620,60,5577.0,C,1961-05-09,52,F,"","",""
4711,4711,3906,52,monthly,1997-07-08,disponent,5772,3906,1998-03-08,334620,60,5577.0,C,1955-07-23,52,M,"","",""
10822,11130,9037,1,monthly,1996-10-22,owner,6821,9037,1998-09-15,321936,48,6707.0,C,1961-04-08,1,F,"","",""
10823,11131,9037,1,monthly,1996-10-22,disponent,6821,9037,1998-09-15,321936,48,6707.0,C,1957-07-26,1,M,"","",""
11073,11381,9242,57,monthly,1996-03-15,owner,6878,9242,1997-01-24,23184,12,1932.0,A,1979-07-26,57,F,"","",""
1516,1516,1256,38,monthly,1994-04-21,owner,5212,1256,1995-05-29,71064,36,1974.0,A,1946-10-17,38,F,"","",""
5224,5224,4337,29,monthly,1993-11-16,owner,5861,4337,1994-12-08,51408,24,2142.0,A,1949-07-24,29,M,769,classic,1998-10-20
7843,7843,6495,6,monthly,1996-07-23,owner,6320,6495,1998-04-28,104964,12,8747.0,C,1966-05-11,6,M,"","",""
13109,13417,10915,25,weekly,1997-02-15,owner,7221,10915,1998-06-11,152460,60,2541.0,C,1951-11-17,25,F,"","",""
5701,5701,4727,2,monthly,1995-02-13,owner,5959,4727,1995-08-11,107640,24,4485.0,A,1959-11-22,2,F,"","",""
9572,9880,7997,10,monthly,1996-04-25,owner,6633,7997,1998-02-05,160656,24,6694.0,C,1970-12-10,10,F,"","",""
9607,9915,8027,44,weekly,1993-07-07,owner,6642,8027,1994-06-05,77640,12,6470.0,A,1967-07-10,27,M,"","",""
12938,13246,10774,46,monthly,1997-07-05,owner,7195,10774,1998-04-23,339168,48,7066.0,C,1942-01-13,46,F,"","",""
6892,6892,5698,1,monthly,1997-09-04,owner,6168,5698,1998-11-21,99216,36,2756.0,C,1951-03-22,1,F,"","",""
6893,6893,5698,1,monthly,1997-09-04,disponent,6168,5698,1998-11-21,99216,36,2756.0,C,1944-01-14,1,M,"","",""
4177,4177,3455,34,monthly,1996-03-13,owner,5682,3455,1997-03-07,67464,12,5622.0,A,1935-12-25,34,M,"","",""
8359,8359,6924,74,monthly,1994-06-01,owner,6403,6924,1995-12-05,194880,48,4060.0,C,1979-12-06,74,M,946,junior,1998-02-28
9965,10273,8320,51,monthly,1997-01-19,owner,6695,8320,1997-06-04,309660,60,5161.0,C,1958-09-27,51,F,"","",""
9966,10274,8320,51,monthly,1997-01-19,disponent,6695,8320,1997-06-04,309660,60,5161.0,C,1956-10-11,51,M,"","",""
11290,11598,9424,54,monthly,1996-12-30,owner,6922,9424,1997-08-26,83628,36,2323.0,C,1977-09-23,54,F,"","",""
12317,12625,10266,54,monthly,1993-06-10,owner,7097,10266,1993-12-23,75624,24,3151.0,B,1958-12-07,54,M,"","",""
3907,3907,3230,1,monthly,1995-03-11,owner,5635,3230,1996-10-04,77184,36,2144.0,C,1954-12-09,1,F,"","",""
8333,8333,6902,60,monthly,1996-10-22,owner,6399,6902,1997-12-21,49320,36,1370.0,C,1966-02-01,60,M,"","",""
8777,8777,7274,11,monthly,1997-09-28,owner,6495,7274,1998-03-12,49044,12,4087.0,C,1953-04-11,11,F,"","",""
4656,4656,3862,1,monthly,1996-11-23,owner,5760,3862,1998-09-18,74916,36,2081.0,C,1942-09-16,1,M,"","",""
6077,6077,5033,54,monthly,1995-08-03,owner,6019,5033,1996-07-25,11400,12,950.0,A,1980-04-30,54,F,"","",""
9536,9844,7965,55,monthly,1993-11-08,owner,6624,7965,1994-09-30,71460,12,5955.0,A,1945-08-03,55,M,"","",""
9537,9845,7965,55,monthly,1993-11-08,disponent,6624,7965,1994-09-30,71460,12,5955.0,A,1943-06-15,55,F,"","",""
3519,3519,2912,74,monthly,1994-07-30,owner,5563,2912,1996-02-29,380160,60,6336.0,C,1949-12-15,74,M,552,classic,1997-10-25
5684,5684,4715,8,monthly,1996-10-28,owner,5953,4715,1997-03-14,97176,24,4049.0,C,1955-03-02,8,F,801,classic,1997-06-15
8928,9236,7454,4,monthly,1993-04-19,owner,6512,7454,1994-05-26,63312,48,1319.0,A,1956-05-07,31,F,"","",""
210,210,173,66,monthly,1993-11-26,owner,5002,173,1994-05-31,104808,12,8734.0,A,1939-11-30,66,M,"","",""
211,211,173,66,monthly,1993-11-26,disponent,5002,173,1994-05-31,104808,12,8734.0,A,1945-06-28,66,F,"","",""
3906,3906,3229,64,monthly,1995-11-18,owner,5634,3229,1997-05-01,39024,12,3252.0,A,1936-12-23,64,M,612,classic,1997-09-22
5366,5366,4448,60,monthly,1993-06-02,owner,5887,4448,1994-10-03,192744,36,5354.0,A,1971-09-20,60,F,781,classic,1997-07-07
5367,5367,4448,60,monthly,1993-06-02,disponent,5887,4448,1994-10-03,192744,36,5354.0,A,1979-06-06,60,M,"","",""
6033,6033,4994,1,weekly,1996-01-11,owner,6012,4994,1996-08-03,258444,36,7179.0,C,1966-05-27,1,M,"","",""
6571,6571,5445,72,monthly,1997-02-19,owner,6113,5445,1997-10-01,78696,36,2186.0,C,1971-03-24,72,F,"","",""
6749,6749,5591,9,monthly,1996-03-16,owner,6142,5591,1997-01-21,221880,60,3698.0,C,1943-09-29,9,F,"","",""
6750,6750,5591,9,monthly,1996-03-16,disponent,6142,5591,1997-01-21,221880,60,3698.0,C,1946-06-04,9,M,"","",""
9407,9715,7857,75,monthly,1993-08-04,owner,6598,7857,1995-01-18,68112,12,5676.0,A,1977-11-30,35,F,"","",""
10520,10828,8784,1,monthly,1996-10-16,owner,6766,8784,1998-04-28,74352,24,3098.0,C,1957-11-23,1,F,"","",""
4620,4620,3834,54,monthly,1993-01-19,owner,5754,3834,1994-09-28,23052,12,1921.0,A,1940-11-01,54,F,"","",""
4621,4621,3834,54,monthly,1993-01-19,disponent,5754,3834,1994-09-28,23052,12,1921.0,A,1946-02-10,54,M,"","",""
116,116,97,74,monthly,1996-05-05,owner,4986,97,1997-08-10,102876,12,8573.0,A,1942-01-28,74,M,16,classic,1998-06-23
117,117,97,74,monthly,1996-05-05,disponent,4986,97,1997-08-10,102876,12,8573.0,A,1936-09-20,74,F,"","",""
12535,12843,10439,66,monthly,1993-11-21,owner,7137,10439,1994-06-03,151560,24,6315.0,A,1953-05-05,66,M,1177,gold,1998-12-06
13172,13480,10963,16,monthly,1995-05-20,owner,7233,10963,1996-12-25,115812,36,3217.0,C,1953-06-01,16,M,"","",""
6691,6691,5541,43,monthly,1995-03-24,owner,6130,5541,1996-07-18,32640,48,680.0,C,1942-10-15,43,M,"","",""
7959,7959,6592,1,monthly,1996-10-20,owner,6338,6592,1997-08-24,390660,60,6511.0,C,1978-06-29,1,F,933,junior,1998-04-21
10755,11063,8982,64,monthly,1993-09-25,owner,6808,8982,1994-10-12,227880,36,6330.0,A,1955-11-04,64,F,"","",""
10756,11064,8982,64,monthly,1993-09-25,disponent,6808,8982,1994-10-12,227880,36,6330.0,A,1953-07-09,64,M,"","",""
10944,11252,9140,32,monthly,1997-08-18,owner,6852,9140,1998-11-10,16032,48,334.0,C,1965-12-08,32,F,"","",""
2267,2267,1869,1,monthly,1996-06-14,owner,5332,1869,1998-01-29,37944,36,1054.0,C,1966-04-10,1,F,355,classic,1997-08-28
2952,2952,2445,52,monthly,1996-07-07,owner,5469,2445,1997-12-26,293160,60,4886.0,C,1978-01-17,52,F,"","",""
6115,6115,5066,13,weekly,1995-08-27,owner,6027,5066,1996-02-10,61656,24,2569.0,B,1953-12-25,13,F,"","",""
6499,6499,5385,44,weekly,1993-05-21,owner,6103,5385,1994-04-07,149340,60,2489.0,C,1963-02-01,44,M,"","",""
78,78,67,16,monthly,1994-10-19,owner,4973,67,1996-05-02,165960,24,6915.0,A,1944-06-13,16,F,"","",""
5565,5565,4618,3,monthly,1996-07-21,owner,5931,4618,1997-03-17,66696,24,2779.0,D,1966-12-22,3,F,"","",""
7286,7286,6030,47,monthly,1993-08-24,owner,6227,6030,1995-03-04,28248,24,1177.0,A,1970-02-10,47,F,884,gold,1997-07-31
12805,13113,10663,11,monthly,1993-12-08,owner,7176,10663,1995-10-28,260028,36,7223.0,A,1976-11-25,11,M,1196,classic,1997-06-27
12982,13290,10812,16,monthly,1997-04-08,owner,7202,10812,1998-05-29,140688,48,2931.0,C,1941-06-23,16,M,"","",""
12983,13291,10812,16,monthly,1997-04-08,disponent,7202,10812,1998-05-29,140688,48,2931.0,C,1940-11-13,16,F,"","",""
13616,13924,11328,54,monthly,1996-11-05,owner,7295,11328,1998-07-18,280440,60,4674.0,C,1952-09-09,54,F,"","",""
5395,5395,4473,45,monthly,1995-10-09,owner,5895,4473,1997-01-03,93960,60,1566.0,C,1962-06-01,45,M,"","",""
7576,7576,6273,38,monthly,1993-07-21,owner,6279,6273,1994-06-07,87360,24,3640.0,A,1962-07-10,38,M,897,classic,1998-01-18
8506,8506,7049,69,monthly,1997-10-12,owner,6436,7049,1998-05-22,495180,60,8253.0,C,1979-12-25,69,F,957,junior,1998-10-16
1755,1755,1447,65,monthly,1997-02-20,owner,5253,1447,1997-06-03,100080,48,2085.0,C,1965-08-18,65,F,"","",""
7339,7339,6075,19,monthly,1996-09-15,owner,6237,6075,1998-01-06,407952,48,8499.0,D,1974-02-28,19,F,"","",""
5858,5858,4851,52,monthly,1996-02-04,owner,5988,4851,1996-08-22,141648,24,5902.0,A,1952-07-17,52,M,"","",""
5859,5859,4851,52,monthly,1996-02-04,disponent,5988,4851,1996-08-22,141648,24,5902.0,A,1945-01-29,52,F,"","",""
5928,5928,4907,42,monthly,1994-02-06,owner,5999,4907,1996-01-03,98832,48,2059.0,C,1970-09-10,42,F,"","",""
6789,6789,5622,70,monthly,1993-02-08,owner,6150,5622,1994-11-02,83016,12,6918.0,A,1979-03-26,57,M,857,junior,1998-10-25
6987,6987,5774,1,monthly,1995-06-08,owner,6185,5774,1995-11-28,31176,24,1299.0,A,1968-01-29,1,M,"","",""
7411,7411,6138,54,monthly,1997-01-22,owner,6249,6138,1997-07-30,67608,24,2817.0,C,1963-01-25,54,F,"","",""
7412,7412,6138,54,monthly,1997-01-22,disponent,6249,6138,1997-07-30,67608,24,2817.0,C,1955-10-17,54,M,"","",""
11695,12003,9750,74,monthly,1994-05-16,owner,6986,9750,1995-02-11,151728,48,3161.0,D,1976-06-23,74,M,"","",""
11836,12144,9869,12,monthly,1993-08-21,owner,7004,9869,1995-03-15,331560,60,5526.0,C,1980-11-23,2,M,1139,junior,1996-03-26
11837,12145,9869,12,monthly,1993-08-21,disponent,7004,9869,1995-03-15,331560,60,5526.0,C,1982-06-25,2,F,"","",""
1215,1215,1011,45,monthly,1994-12-17,owner,5160,1011,1995-12-18,204000,60,3400.0,C,1944-05-06,45,M,"","",""
12781,13089,10644,16,monthly,1997-07-12,owner,7167,10644,1998-06-18,269964,36,7499.0,C,1979-02-14,16,F,1194,junior,1998-04-30
13512,13820,11244,33,monthly,1997-01-12,owner,7279,11244,1997-12-11,155760,24,6490.0,C,1948-07-31,33,F,"","",""
2166,2166,1787,30,weekly,1993-03-22,owner,5314,1787,1993-07-05,96396,12,8033.0,B,1947-07-22,30,F,"","",""
7594,7594,6289,64,monthly,1995-04-05,owner,6283,6289,1996-08-11,85632,48,1784.0,C,1949-04-07,64,F,"","",""
1985,1985,1638,6,weekly,1996-11-12,owner,5287,1638,1998-01-26,64224,24,2676.0,C,1937-12-13,6,M,"","",""
1986,1986,1638,6,weekly,1996-11-12,disponent,5287,1638,1998-01-26,64224,24,2676.0,C,1942-08-13,6,F,"","",""
2083,2083,1718,71,monthly,1997-09-23,owner,5304,1718,1998-08-20,172272,24,7178.0,C,1943-03-12,71,M,"","",""
5134,5134,4260,56,monthly,1993-10-14,owner,5837,4260,1994-06-29,244560,60,4076.0,C,1967-07-19,58,F,"","",""
7765,7765,6434,1,monthly,1995-05-08,owner,6309,6434,1996-11-11,110136,24,4589.0,A,1958-02-24,1,F,"","",""
9961,10269,8316,70,monthly,1994-06-04,owner,6694,8316,1995-03-19,134784,24,5616.0,A,1940-05-11,70,F,"","",""
13231,13539,11013,1,weekly,1993-02-14,owner,7240,11013,1993-09-06,274740,60,4579.0,A,1978-09-07,63,M,1223,junior,1995-05-02
3324,3324,2753,26,monthly,1996-02-13,owner,5531,2753,1997-09-30,66432,24,2768.0,C,1971-04-13,26,F,"","",""
3325,3325,2753,26,monthly,1996-02-13,disponent,5531,2753,1997-09-30,66432,24,2768.0,C,1963-09-28,26,M,"","",""
3705,3705,3064,40,monthly,1993-05-23,owner,5599,3064,1995-03-21,15420,12,1285.0,A,1965-06-04,1,F,"","",""
2922,2922,2419,24,monthly,1993-11-27,owner,5464,2419,1995-01-30,95808,12,7984.0,A,1940-09-07,43,M,"","",""
383,383,314,15,after_tr,1996-01-26,owner,5039,314,1997-05-03,66840,24,2785.0,C,1939-05-17,15,F,"","",""
384,384,314,15,after_tr,1996-01-26,disponent,5039,314,1997-05-03,66840,24,2785.0,C,1935-10-08,15,M,"","",""
13660,13968,11359,61,monthly,1994-10-01,owner,7305,11359,1996-08-06,54024,12,4502.0,A,1968-04-13,61,M,1247,classic,1995-06-13
12635,12943,10520,55,after_tr,1995-10-24,owner,7154,10520,1996-12-05,417600,60,6960.0,C,1970-10-12,55,M,1187,gold,1996-07-17
2700,2700,2228,34,monthly,1994-03-19,owner,5414,2228,1995-03-29,185952,48,3874.0,C,1945-02-22,34,M,"","",""
5526,5526,4585,27,monthly,1996-06-08,owner,5923,4585,1996-10-10,64656,48,1347.0,C,1947-03-19,27,M,792,classic,1998-10-11
5527,5527,4585,27,monthly,1996-06-08,disponent,5923,4585,1996-10-10,64656,48,1347.0,C,1941-11-28,27,F,"","",""
6544,6544,5422,66,monthly,1994-10-22,owner,6109,5422,1996-06-03,368880,60,6148.0,C,1974-08-04,66,M,"","",""
6545,6545,5422,66,monthly,1994-10-22,disponent,6109,5422,1996-06-03,368880,60,6148.0,C,1978-09-09,66,F,"","",""
10354,10662,8645,60,monthly,1997-06-23,owner,6748,8645,1998-12-08,240900,60,4015.0,C,1949-08-25,60,F,"","",""
10679,10987,8919,62,monthly,1997-07-03,owner,6790,8919,1998-06-08,76104,24,3171.0,C,1961-10-03,62,F,"","",""
10680,10988,8919,62,monthly,1997-07-03,disponent,6790,8919,1998-06-08,76104,24,3171.0,C,1964-06-13,62,M,"","",""
11543,11851,9627,65,after_tr,1994-07-22,owner,6955,9627,1995-11-22,244368,48,5091.0,C,1970-04-02,65,M,"","",""
127,127,105,21,monthly,1997-07-10,owner,4989,105,1998-12-05,352704,48,7348.0,C,1950-12-27,21,F,17,classic,1998-06-07
3855,3855,3189,29,monthly,1995-11-29,owner,5625,3189,1996-12-15,222180,60,3703.0,D,1939-03-20,29,M,"","",""
9362,9670,7819,38,monthly,1993-08-01,owner,6591,7819,1995-02-02,20832,48,434.0,C,1948-05-04,38,M,"","",""
12600,12908,10493,12,monthly,1997-01-09,owner,7151,10493,1998-02-18,133800,24,5575.0,C,1941-03-12,12,M,"","",""
2834,2834,2345,5,monthly,1993-10-25,owner,5450,2345,1994-12-11,199680,60,3328.0,C,1949-05-23,52,M,"","",""
5171,5171,4293,64,after_tr,1996-02-04,owner,5850,4293,1997-05-22,164196,36,4561.0,C,1956-09-23,64,F,"","",""
3326,3326,2754,57,weekly,1996-01-26,owner,5532,2754,1997-05-04,335280,48,6985.0,C,1952-12-26,57,F,"","",""
5245,5245,4354,38,monthly,1997-01-08,owner,5865,4354,1998-10-30,327660,60,5461.0,C,1942-03-18,38,F,773,classic,1998-11-18
12442,12750,10361,21,monthly,1996-06-21,owner,7119,10361,1997-06-02,86880,12,7240.0,A,1940-05-25,21,F,1173,classic,1997-05-08
568,568,472,8,monthly,1996-10-11,owner,5072,472,1997-04-28,196800,24,8200.0,D,1960-07-19,8,F,"","",""
11064,11372,9236,11,monthly,1993-08-18,owner,6876,9236,1993-12-21,86616,12,7218.0,A,1961-09-28,11,M,"","",""
2195,2195,1811,40,monthly,1993-09-22,owner,5319,1811,1994-06-23,239460,60,3991.0,C,1942-09-13,68,F,"","",""
3800,3800,3143,38,monthly,1996-10-18,owner,5616,3143,1998-05-15,130896,24,5454.0,C,1954-06-15,38,F,"","",""
3801,3801,3143,38,monthly,1996-10-18,disponent,5616,3143,1998-05-15,130896,24,5454.0,C,1948-08-15,38,M,"","",""
4861,4861,4033,57,monthly,1996-11-19,owner,5790,4033,1997-03-20,84288,48,1756.0,C,1977-11-01,57,F,"","",""
5203,5203,4320,61,monthly,1996-07-23,owner,5856,4320,1997-08-09,51360,12,4280.0,B,1945-09-08,61,F,"","",""
8130,8130,6738,62,monthly,1994-07-28,owner,6362,6738,1995-10-31,37908,12,3159.0,A,1976-05-08,62,F,"","",""
10966,11274,9159,64,monthly,1996-08-02,owner,6857,9159,1998-06-08,69600,48,1450.0,C,1969-04-14,64,M,"","",""
10967,11275,9159,64,monthly,1996-08-02,disponent,6857,9159,1998-06-08,69600,48,1450.0,C,1963-04-18,64,F,"","",""
1157,1157,960,4,after_tr,1994-11-02,owner,5151,960,1995-05-24,189060,60,3151.0,C,1958-12-30,4,F,189,classic,1997-02-19
12790,13098,10652,1,monthly,1997-03-18,owner,7172,10652,1998-05-07,45720,12,3810.0,C,1978-12-15,1,F,"","",""
1662,1662,1374,53,monthly,1996-09-26,owner,5236,1374,1997-09-15,389136,48,8107.0,C,1967-09-07,53,M,"","",""
2181,2181,1801,46,monthly,1993-02-13,owner,5316,1801,1993-07-11,165960,36,4610.0,A,1968-07-22,46,M,"","",""
2235,2235,1843,12,monthly,1993-01-30,owner,5325,1843,1993-08-03,105804,36,2939.0,A,1940-04-20,14,F,352,classic,1998-09-11
3163,3163,2622,1,monthly,1996-08-21,owner,5501,2622,1998-05-21,136344,24,5681.0,C,1964-05-26,1,F,"","",""
3164,3164,2622,1,monthly,1996-08-21,disponent,5501,2622,1998-05-21,136344,24,5681.0,C,1962-09-10,1,M,"","",""
5699,5699,4725,73,monthly,1997-04-14,owner,5956,4725,1997-11-04,168264,36,4674.0,C,1950-10-08,73,M,"","",""
6417,6417,5313,40,monthly,1993-04-29,owner,6087,5313,1994-02-27,300660,60,5011.0,C,1950-01-07,40,M,"","",""
9148,9456,7636,40,monthly,1996-10-08,owner,6553,7636,1998-01-26,42384,12,3532.0,C,1941-12-07,40,F,"","",""
12017,12325,10019,8,monthly,1995-06-15,owner,7036,10019,1996-09-25,194940,36,5415.0,C,1964-10-30,8,M,"","",""
2259,2259,1862,19,weekly,1995-04-15,owner,5329,1862,1996-10-16,396120,60,6602.0,C,1950-01-02,19,F,353,classic,1997-06-11
4377,4377,3629,48,monthly,1993-07-27,owner,5713,3629,1995-05-30,158760,60,2646.0,C,1978-01-31,48,M,"","",""
6511,6511,5395,47,monthly,1996-04-26,owner,6104,5395,1997-09-05,158184,36,4394.0,C,1953-08-07,47,M,"","",""
8030,8030,6649,1,monthly,1995-07-08,owner,6346,6649,1997-05-22,100260,60,1671.0,C,1967-07-19,1,M,936,classic,1997-08-02
13544,13852,11271,5,monthly,1995-09-20,owner,7286,11271,1997-01-31,67320,36,1870.0,C,1972-01-26,5,M,"","",""
5133,5133,4259,66,monthly,1994-04-08,owner,5836,4259,1994-08-27,79632,24,3318.0,A,1959-08-10,66,F,"","",""
5760,5760,4774,66,monthly,1994-01-14,owner,5970,4774,1995-07-09,465072,48,9689.0,C,1948-05-08,66,M,"","",""
5761,5761,4774,66,monthly,1994-01-14,disponent,5970,4774,1995-07-09,465072,48,9689.0,C,1941-05-11,66,F,"","",""
2503,2503,2064,54,monthly,1996-12-30,owner,5367,2064,1997-08-26,83628,36,2323.0,C,1977-09-23,54,F,"","",""
8666,8666,7180,7,weekly,1997-06-12,owner,6469,7180,1998-11-17,99744,24,4156.0,C,1971-08-28,7,F,"","",""
3576,3576,2962,1,monthly,1993-05-30,owner,5576,2962,1994-12-21,31248,12,2604.0,A,1939-03-15,1,F,"","",""
4291,4291,3556,58,monthly,1997-08-29,owner,5698,3556,1998-09-22,174840,60,2914.0,C,1951-05-07,58,F,"","",""
12124,12432,10105,55,monthly,1993-04-28,owner,7061,10105,1994-08-27,121896,24,5079.0,A,1965-03-07,55,M,"","",""
3670,3670,3037,44,monthly,1994-05-26,owner,5593,3037,1996-04-18,277884,36,7719.0,D,1980-09-17,44,F,"","",""
4417,4417,3664,1,monthly,1996-04-28,owner,5719,3664,1997-09-20,271584,48,5658.0,C,1976-04-24,1,M,680,classic,1998-04-29
45,45,37,20,monthly,1997-08-18,owner,4967,37,1998-10-14,318480,60,5308.0,D,1952-08-26,20,M,"","",""
7435,7435,6158,67,monthly,1996-05-13,owner,6255,6158,1997-02-08,247920,48,5165.0,D,1957-04-16,67,F,"","",""
12308,12616,10257,27,monthly,1997-05-01,owner,7096,10257,1998-09-02,37812,12,3151.0,C,1965-01-26,27,F,"","",""
3984,3984,3293,1,monthly,1997-08-08,owner,5644,3293,1998-11-27,276084,36,7669.0,C,1964-03-13,1,F,623,classic,1998-07-25
11029,11337,9208,29,monthly,1997-05-24,owner,6868,9208,1998-10-12,82128,24,3422.0,C,1969-04-03,29,M,"","",""
8432,8432,6985,38,monthly,1995-07-27,owner,6421,6985,1996-07-25,96768,36,2688.0,C,1968-01-06,38,F,"","",""
8433,8433,6985,38,monthly,1995-07-27,disponent,6421,6985,1996-07-25,96768,36,2688.0,C,1961-09-11,38,M,"","",""
9606,9914,8026,36,monthly,1997-03-23,owner,6641,8026,1997-09-09,128268,36,3563.0,C,1942-12-08,36,M,1022,classic,1997-12-13
5389,5389,4467,17,weekly,1997-04-13,owner,5893,4467,1998-08-03,86184,36,2394.0,C,1968-08-31,17,M,"","",""
11097,11405,9263,68,monthly,1996-06-04,owner,6887,9263,1997-05-08,39576,12,3298.0,A,1964-07-29,68,F,"","",""
11098,11406,9263,68,monthly,1996-06-04,disponent,6887,9263,1997-05-08,39576,12,3298.0,A,1970-11-15,68,M,"","",""
2739,2739,2262,13,monthly,1997-02-08,owner,5428,2262,1998-12-02,230220,36,6395.0,C,1950-01-26,13,M,434,classic,1997-12-30
3629,3629,3005,42,after_tr,1997-01-11,owner,5589,3005,1998-06-05,390000,48,8125.0,C,1947-12-13,42,M,"","",""
5433,5433,4503,50,monthly,1995-01-03,owner,5900,4503,1996-01-01,135360,48,2820.0,C,1975-09-24,50,M,783,junior,1995-10-24
10255,10563,8564,68,monthly,1993-09-12,owner,6737,8564,1995-03-11,76680,24,3195.0,A,1949-01-07,68,M,"","",""
10256,10564,8564,68,monthly,1993-09-12,disponent,6737,8564,1995-03-11,76680,24,3195.0,A,1954-03-19,68,F,"","",""
2590,2590,2142,42,monthly,1997-09-01,owner,5384,2142,1998-03-07,23328,12,1944.0,C,1964-10-19,42,F,"","",""
2591,2591,2142,42,monthly,1997-09-01,disponent,5384,2142,1998-03-07,23328,12,1944.0,C,1960-02-27,42,M,"","",""
2686,2686,2218,19,monthly,1994-11-21,owner,5409,2218,1995-11-18,182040,60,3034.0,C,1951-03-24,19,F,426,classic,1997-05-09
2687,2687,2218,19,monthly,1994-11-21,disponent,5409,2218,1995-11-18,182040,60,3034.0,C,1949-08-22,19,M,"","",""
9767,10075,8158,48,weekly,1996-06-16,owner,6675,8158,1997-11-01,238716,36,6631.0,C,1964-07-01,48,M,"","",""
1499,1499,1242,74,after_tr,1996-11-24,owner,5206,1242,1997-09-07,128544,24,5356.0,C,1951-11-29,74,F,"","",""
12446,12754,10364,55,monthly,1993-01-17,owner,7121,10364,1993-11-10,21924,36,609.0,A,1960-08-20,55,M,"","",""
12447,12755,10364,55,monthly,1993-01-17,disponent,7121,10364,1993-11-10,21924,36,609.0,A,1959-11-01,55,F,"","",""
12502,12810,10411,39,after_tr,1995-11-23,owner,7130,10411,1996-12-11,123408,24,5142.0,A,1964-10-14,39,M,1176,gold,1996-07-03
1554,1554,1284,55,monthly,1997-07-02,owner,5221,1284,1998-12-05,52512,12,4376.0,C,1944-12-15,55,M,"","",""
4584,4584,3804,7,monthly,1994-04-07,owner,5750,3804,1996-02-08,63252,12,5271.0,A,1949-06-24,7,F,"","",""
6829,6829,5650,10,after_tr,1995-01-08,owner,6157,5650,1995-07-10,98592,24,4108.0,A,1963-12-24,10,F,"","",""
12968,13276,10799,76,monthly,1997-08-19,owner,7200,10799,1998-07-11,31140,60,519.0,C,1977-01-20,76,M,"","",""
9782,10090,8169,29,monthly,1995-11-28,owner,6677,8169,1997-08-12,97980,60,1633.0,C,1980-03-14,29,F,"","",""
4434,4434,3679,64,monthly,1995-08-15,owner,5725,3679,1996-07-23,444864,48,9268.0,C,1964-03-29,64,M,"","",""
4435,4435,3679,64,monthly,1995-08-15,disponent,5725,3679,1996-07-23,444864,48,9268.0,C,1965-10-30,64,F,"","",""
5801,5801,4803,26,monthly,1996-06-08,owner,5977,4803,1997-02-25,59136,48,1232.0,C,1979-12-10,26,F,"","",""
1533,1533,1270,55,after_tr,1996-06-07,owner,5214,1270,1997-07-01,74772,36,2077.0,C,1960-12-22,55,M,"","",""
2422,2422,1993,68,monthly,1994-10-30,owner,5352,1993,1995-04-15,68400,12,5700.0,B,1976-06-09,68,F,"","",""
512,512,426,1,monthly,1993-11-29,owner,5060,426,1994-07-19,252060,60,4201.0,D,1965-08-03,60,F,"","",""
9038,9346,7546,43,monthly,1994-09-03,owner,6535,7546,1995-11-02,41952,12,3496.0,A,1972-12-10,43,M,"","",""
4132,4132,3418,42,after_tr,1996-09-02,owner,5674,3418,1997-06-10,207264,48,4318.0,C,1962-10-15,42,M,"","",""
4133,4133,3418,42,after_tr,1996-09-02,disponent,5674,3418,1997-06-10,207264,48,4318.0,C,1965-03-22,42,F,"","",""
4722,4722,3916,8,monthly,1997-09-28,owner,5774,3916,1998-07-12,96984,36,2694.0,C,1972-01-28,8,M,"","",""
8677,8677,7190,49,monthly,1993-09-06,owner,6474,7190,1995-06-06,63360,60,1056.0,C,1955-08-14,49,M,"","",""
8678,8678,7190,49,monthly,1993-09-06,disponent,6474,7190,1995-06-06,63360,60,1056.0,C,1962-07-12,49,F,"","",""
8965,9273,7485,39,monthly,1993-07-28,owner,6520,7485,1994-03-16,91200,24,3800.0,A,1955-08-26,39,F,"","",""
8966,9274,7485,39,monthly,1993-07-28,disponent,6520,7485,1994-03-16,91200,24,3800.0,A,1958-04-05,39,M,"","",""
10346,10654,8639,46,monthly,1997-08-22,owner,6746,8639,1998-06-06,185640,60,3094.0,C,1962-07-16,46,F,"","",""
13248,13556,11027,32,weekly,1996-07-26,owner,7242,11027,1997-10-23,48096,24,2004.0,C,1958-07-19,32,M,"","",""
9333,9641,7795,64,monthly,1995-01-05,owner,6585,7795,1996-10-29,372120,60,6202.0,C,1945-01-26,64,M,1007,gold,1998-09-25
9334,9642,7795,64,monthly,1995-01-05,disponent,6585,7795,1996-10-29,372120,60,6202.0,C,1937-09-03,64,F,"","",""
12068,12376,10063,4,weekly,1996-10-13,owner,7049,10063,1997-06-24,233424,36,6484.0,C,1959-02-17,4,M,"","",""
12826,13134,10679,1,monthly,1997-05-30,owner,7181,10679,1997-10-02,197808,24,8242.0,C,1962-11-03,1,F,1199,classic,1998-03-09
13268,13576,11042,72,monthly,1995-01-29,owner,7243,11042,1995-12-04,217152,36,6032.0,A,1974-07-07,72,M,1225,classic,1995-11-22
414,414,339,46,weekly,1996-09-11,owner,5043,339,1997-12-25,468060,60,7801.0,C,1947-10-19,46,F,65,classic,1998-02-02
415,415,339,46,weekly,1996-09-11,disponent,5043,339,1997-12-25,468060,60,7801.0,C,1945-04-01,46,M,"","",""
5318,5318,4413,74,weekly,1994-01-15,owner,5876,4413,1995-02-08,221280,48,4610.0,C,1968-03-28,74,M,"","",""
5319,5319,4413,74,weekly,1994-01-15,disponent,5876,4413,1995-02-08,221280,48,4610.0,C,1964-09-23,74,F,"","",""
7366,7366,6097,29,monthly,1997-06-15,owner,6242,6097,1997-10-22,26208,36,728.0,C,1973-04-12,29,F,"","",""
9467,9775,7907,70,monthly,1996-07-27,owner,6612,7907,1997-08-31,97392,12,8116.0,A,1960-06-23,70,M,"","",""
9468,9776,7907,70,monthly,1996-07-27,disponent,6612,7907,1997-08-31,97392,12,8116.0,A,1961-03-05,70,F,"","",""
13038,13346,10857,50,monthly,1996-10-02,owner,7209,10857,1997-11-30,385560,60,6426.0,D,1956-04-15,50,M,"","",""
1404,1404,1166,11,monthly,1993-04-21,owner,5189,1166,1994-02-07,149040,48,3105.0,A,1968-12-20,11,F,"","",""
10151,10459,8475,4,monthly,1993-09-08,owner,6721,8475,1994-01-21,21072,24,878.0,A,1964-08-09,17,F,"","",""
11378,11686,9494,21,monthly,1996-05-10,owner,6934,9494,1997-02-09,116832,12,9736.0,A,1948-10-18,21,F,"","",""
11379,11687,9494,21,monthly,1996-05-10,disponent,6934,9494,1997-02-09,116832,12,9736.0,A,1945-01-23,21,M,"","",""
6359,6359,5263,64,monthly,1995-07-14,owner,6073,5263,1996-11-12,276300,60,4605.0,C,1976-07-06,64,M,"","",""
6610,6610,5477,57,monthly,1995-12-17,owner,6118,5477,1997-10-04,349392,48,7279.0,C,1954-06-03,57,M,847,classic,1997-05-20
7186,7186,5944,27,monthly,1997-06-06,owner,6215,5944,1998-06-18,78720,48,1640.0,C,1944-06-01,27,F,880,classic,1998-09-17
1102,1102,915,72,monthly,1995-01-18,owner,5145,915,1995-09-16,309552,48,6449.0,C,1935-01-29,72,M,"","",""
4386,4386,3637,53,monthly,1995-10-28,owner,5718,3637,1997-09-01,14028,12,1169.0,A,1945-12-27,53,F,"","",""
6616,6616,5481,52,monthly,1993-08-16,owner,6120,5481,1994-09-11,209184,48,4358.0,A,1953-06-18,1,M,"","",""
8356,8356,6922,3,weekly,1997-05-12,owner,6402,6922,1998-12-06,139488,24,5812.0,C,1969-09-04,3,M,"","",""
2831,2831,2343,68,monthly,1994-12-09,owner,5449,2343,1995-11-04,99336,24,4139.0,A,1980-07-09,68,F,"","",""
11742,12050,9790,52,monthly,1995-11-09,owner,6992,9790,1996-07-27,133968,48,2791.0,C,1943-05-30,52,M,1134,classic,1996-05-31
11743,12051,9790,52,monthly,1995-11-09,disponent,6992,9790,1996-07-27,133968,48,2791.0,C,1936-09-30,52,F,"","",""
1300,1300,1083,45,monthly,1996-12-06,owner,5172,1083,1998-04-16,50976,36,1416.0,C,1979-10-27,45,M,"","",""
13332,13640,11096,28,monthly,1996-12-10,owner,7255,11096,1997-06-09,213300,60,3555.0,C,1955-06-09,28,F,"","",""
2205,2205,1819,55,weekly,1996-10-21,owner,5320,1819,1998-01-11,143676,36,3991.0,C,1952-12-12,55,M,"","",""
4299,4299,3562,50,monthly,1996-07-19,owner,5699,3562,1998-05-24,174960,24,7290.0,C,1977-09-15,50,F,"","",""
4529,4529,3754,37,weekly,1996-02-19,owner,5741,3754,1996-11-03,68544,24,2856.0,A,1976-09-16,37,M,"","",""
4530,4530,3754,37,weekly,1996-02-19,disponent,5741,3754,1996-11-03,68544,24,2856.0,A,1984-09-18,37,F,"","",""
3001,3001,2486,1,monthly,1993-02-27,owner,5479,2486,1994-01-10,24516,12,2043.0,A,1958-10-07,1,M,"","",""
7422,7422,6148,74,monthly,1993-12-27,owner,6253,6148,1994-11-04,59760,24,2490.0,A,1958-11-26,74,M,890,classic,1996-09-08
7423,7423,6148,74,monthly,1993-12-27,disponent,6253,6148,1994-11-04,59760,24,2490.0,A,1964-09-08,74,F,"","",""
8074,8074,6686,61,monthly,1996-02-10,owner,6353,6686,1997-12-25,116496,24,4854.0,C,1958-10-07,61,M,"","",""
4527,4527,3752,1,monthly,1994-11-25,owner,5740,3752,1995-04-02,18564,12,1547.0,A,1963-02-04,1,F,"","",""
7727,7727,6400,31,after_tr,1995-10-09,owner,6303,6400,1996-02-12,72408,24,3017.0,B,1958-06-13,31,F,"","",""
12000,12308,10005,64,monthly,1997-11-29,owner,7035,10005,1998-07-29,210744,36,5854.0,C,1978-11-29,64,M,"","",""
13379,13687,11135,75,monthly,1993-10-10,owner,7262,11135,1994-03-01,182628,36,5073.0,A,1959-05-23,75,M,"","",""
5333,5333,4423,39,monthly,1995-04-26,owner,5880,4423,1995-10-31,73836,36,2051.0,A,1967-05-29,39,F,780,classic,1998-07-29
8089,8089,6699,35,monthly,1996-06-08,owner,6355,6699,1997-09-24,127200,48,2650.0,C,1965-04-06,35,M,"","",""
1020,1020,846,72,monthly,1996-03-09,owner,5136,846,1996-07-28,187104,24,7796.0,A,1977-05-10,72,F,170,classic,1998-04-16
6469,6469,5358,4,monthly,1995-05-18,owner,6095,5358,1997-01-24,68340,60,1139.0,C,1953-03-16,4,M,"","",""
9974,10282,8327,1,weekly,1995-08-08,owner,6698,8327,1996-03-10,247728,48,5161.0,C,1979-06-19,1,M,1043,junior,1996-08-14
11405,11713,9513,59,monthly,1996-05-12,owner,6942,9513,1997-07-16,18324,12,1527.0,A,1951-04-11,59,F,"","",""
11406,11714,9513,59,monthly,1996-05-12,disponent,6942,9513,1997-07-16,18324,12,1527.0,A,1945-07-04,59,M,"","",""
6185,6185,5126,58,monthly,1995-04-03,owner,6043,5126,1996-01-11,20352,48,424.0,C,1948-03-05,58,F,"","",""
6186,6186,5126,58,monthly,1995-04-03,disponent,6043,5126,1996-01-11,20352,48,424.0,C,1952-05-27,58,M,"","",""
2698,2698,2227,31,weekly,1994-05-22,owner,5413,2227,1995-12-12,92976,24,3874.0,A,1970-10-07,31,F,428,classic,1997-10-13
2699,2699,2227,31,weekly,1994-05-22,disponent,5413,2227,1995-12-12,92976,24,3874.0,A,1977-02-23,31,M,"","",""
8105,8105,6715,48,weekly,1993-09-15,owner,6358,6715,1995-01-14,137880,60,2298.0,D,1963-03-12,72,M,"","",""
7855,7855,6505,7,monthly,1997-09-13,owner,6321,6505,1998-10-08,38496,12,3208.0,C,1964-01-30,7,F,923,classic,1998-09-24
9247,9555,7721,13,monthly,1997-07-03,owner,6569,7721,1998-05-28,45456,12,3788.0,C,1947-05-15,13,F,1001,classic,1998-11-20
4916,4916,4079,52,monthly,1993-11-03,owner,5804,4079,1995-04-05,158976,48,3312.0,C,1939-01-09,52,M,"","",""
9622,9930,8039,9,monthly,1995-12-17,owner,6644,8039,1996-10-20,93600,24,3900.0,A,1972-06-23,9,M,1024,classic,1998-09-20
12893,13201,10738,45,weekly,1993-04-17,owner,7192,10738,1994-12-21,115992,36,3222.0,A,1937-05-17,31,M,1203,classic,1997-09-26
13282,13590,11054,59,weekly,1996-02-01,owner,7246,11054,1996-08-20,148920,60,2482.0,C,1977-08-03,59,M,"","",""
4754,4754,3942,27,weekly,1996-05-10,owner,5779,3942,1997-10-14,107352,36,2982.0,C,1939-12-28,27,F,"","",""
5364,5364,4447,62,monthly,1996-06-16,owner,5886,4447,1996-10-31,192744,36,5354.0,C,1964-03-14,62,M,"","",""
5365,5365,4447,62,monthly,1996-06-16,disponent,5886,4447,1996-10-31,192744,36,5354.0,C,1971-05-01,62,F,"","",""
9621,9929,8038,47,monthly,1996-08-17,owner,6643,8038,1998-01-18,35856,24,1494.0,C,1967-07-19,47,F,1023,classic,1998-08-30
12953,13261,10789,75,monthly,1996-09-18,owner,7199,10789,1997-12-09,45768,12,3814.0,A,1944-08-01,75,M,"","",""
12954,13262,10789,75,monthly,1996-09-18,disponent,7199,10789,1997-12-09,45768,12,3814.0,A,1938-02-09,75,F,"","",""
1793,1793,1480,41,weekly,1996-07-03,owner,5260,1480,1998-01-19,123300,36,3425.0,C,1945-03-17,41,F,280,classic,1997-06-22
2153,2153,1776,36,monthly,1997-07-27,owner,5313,1776,1998-05-27,43200,24,1800.0,C,1949-05-16,36,F,"","",""
3829,3829,3166,71,monthly,1993-08-10,owner,5624,3166,1995-01-03,177744,48,3703.0,D,1972-03-13,59,M,600,classic,1996-05-20
11547,11855,9631,11,monthly,1996-06-25,owner,6956,9631,1997-11-09,59448,24,2477.0,C,1957-12-01,11,M,"","",""
13143,13451,10942,44,weekly,1994-06-05,owner,7227,10942,1995-10-02,314520,60,5242.0,C,1955-11-18,44,F,"","",""
458,458,378,68,monthly,1996-07-22,owner,5051,378,1997-10-11,230400,60,3840.0,C,1961-07-24,68,M,"","",""
6255,6255,5180,54,monthly,1997-02-24,owner,6054,5180,1998-07-16,58764,12,4897.0,C,1946-01-01,54,F,829,classic,1998-12-22
6256,6256,5180,54,monthly,1997-02-24,disponent,6054,5180,1998-07-16,58764,12,4897.0,C,1941-05-21,54,M,"","",""
6367,6367,5270,44,monthly,1993-01-13,owner,6077,5270,1993-11-22,79608,24,3317.0,A,1970-04-28,44,M,"","",""
7567,7567,6265,5,monthly,1996-11-01,owner,6278,6265,1997-06-10,87360,24,3640.0,C,1937-03-15,5,M,896,classic,1997-09-18
10958,11266,9153,9,monthly,1996-12-12,owner,6855,9153,1998-03-01,52236,36,1451.0,C,1938-09-25,9,M,"","",""
10959,11267,9153,9,monthly,1996-12-12,disponent,6855,9153,1998-03-01,52236,36,1451.0,C,1936-08-26,9,F,"","",""
2,2,2,1,monthly,1993-02-26,owner,4959,2,1994-01-05,80952,24,3373.0,A,1945-02-04,1,M,"","",""
3,3,2,1,monthly,1993-02-26,disponent,4959,2,1994-01-05,80952,24,3373.0,A,1940-10-09,1,F,"","",""
2606,2606,2153,31,weekly,1996-01-07,owner,5388,2153,1996-11-28,61560,12,5130.0,A,1943-01-04,31,M,414,classic,1998-09-26
6366,6366,5269,49,monthly,1996-07-04,owner,6076,5269,1997-02-02,117420,60,1957.0,C,1966-02-21,49,M,"","",""
10258,10566,8566,74,monthly,1993-10-08,owner,6738,8566,1994-09-29,230220,36,6395.0,B,1942-11-09,74,F,"","",""
12156,12464,10131,1,monthly,1993-11-27,owner,7066,10131,1994-05-02,215388,36,5983.0,B,1959-12-17,39,M,"","",""
2342,2342,1928,70,monthly,1997-03-02,owner,5346,1928,1998-12-06,55632,24,2318.0,C,1948-12-18,70,M,"","",""
4169,4169,3448,58,weekly,1996-06-06,owner,5681,3448,1997-10-20,68664,24,2861.0,C,1980-02-19,58,F,"","",""
4170,4170,3448,58,weekly,1996-06-06,disponent,5681,3448,1997-10-20,68664,24,2861.0,C,1983-08-27,58,M,"","",""
4882,4882,4052,36,weekly,1997-01-25,owner,5799,4052,1997-12-28,106128,36,2948.0,C,1978-12-21,36,M,"","",""
9732,10040,8127,37,monthly,1994-10-13,owner,6667,8127,1996-07-15,155880,24,6495.0,A,1968-10-30,37,F,1035,classic,1998-10-11
9733,10041,8127,37,monthly,1994-10-13,disponent,6667,8127,1996-07-15,155880,24,6495.0,A,1968-04-17,37,M,"","",""
11301,11609,9433,59,monthly,1997-08-14,owner,6923,9433,1998-10-05,44640,24,1860.0,C,1957-02-11,59,M,"","",""
2277,2277,1876,1,monthly,1997-09-20,owner,5334,1876,1998-09-10,209040,24,8710.0,C,1979-03-25,1,M,357,junior,1998-09-29
6235,6235,5164,5,monthly,1997-05-13,owner,6052,5164,1998-03-23,22356,36,621.0,C,1940-04-04,5,M,"","",""
272,272,226,70,monthly,1997-02-23,owner,5015,226,1998-07-12,109344,12,9112.0,C,1944-10-25,70,F,45,classic,1997-12-05
5143,5143,4268,77,monthly,1997-02-20,owner,5841,4268,1998-11-04,41988,12,3499.0,C,1973-03-09,77,M,"","",""
5144,5144,4268,77,monthly,1997-02-20,disponent,5841,4268,1998-11-04,41988,12,3499.0,C,1966-06-07,77,F,"","",""
981,981,817,5,monthly,1994-03-18,owner,5132,817,1995-02-17,538500,60,8975.0,C,1960-06-28,5,M,"","",""
12177,12485,10148,34,monthly,1997-01-13,owner,7072,10148,1998-01-27,22104,12,1842.0,C,1965-04-10,34,F,"","",""
1816,1816,1498,62,weekly,1997-02-07,owner,5265,1498,1998-10-07,165780,60,2763.0,C,1951-07-24,62,M,"","",""
2494,2494,2055,37,monthly,1997-04-17,owner,5365,2055,1998-07-19,271260,60,4521.0,C,1971-01-06,37,M,"","",""
4114,4114,3403,63,monthly,1997-05-20,owner,5669,3403,1998-06-27,71820,36,1995.0,C,1964-02-09,63,M,"","",""
7814,7814,6472,61,monthly,1994-02-08,owner,6315,6472,1995-02-06,43164,12,3597.0,A,1976-01-06,61,F,"","",""
7815,7815,6473,12,monthly,1993-01-26,owner,6316,6473,1994-05-26,76908,12,6409.0,B,1946-01-19,4,F,"","",""
10047,10355,8381,14,monthly,1996-09-17,owner,6705,8381,1997-07-25,333648,48,6951.0,D,1976-07-10,14,F,"","",""
12354,12662,10297,14,monthly,1996-01-19,owner,7101,10297,1996-11-18,421008,48,8771.0,C,1953-06-01,14,M,1169,classic,1998-11-30
2966,2966,2456,65,monthly,1995-09-09,owner,5470,2456,1996-04-15,200976,48,4187.0,C,1955-02-20,65,M,"","",""
7195,7195,5952,50,monthly,1993-09-07,owner,6216,5952,1994-09-30,141240,24,5885.0,A,1962-09-11,50,M,882,classic,1996-09-11
9564,9872,7990,9,monthly,1996-08-30,owner,6632,7990,1998-04-23,144960,48,3020.0,C,1967-03-17,9,F,"","",""
11401,11709,9510,1,monthly,1996-06-09,owner,6940,9510,1996-11-22,228276,36,6341.0,C,1961-08-03,1,M,"","",""
11402,11710,9510,1,monthly,1996-06-09,disponent,6940,9510,1996-11-22,228276,36,6341.0,C,1967-06-19,1,F,"","",""
2853,2853,2361,28,monthly,1994-02-25,owner,5453,2361,1995-04-01,156672,36,4352.0,A,1956-04-25,28,F,"","",""
403,403,330,42,monthly,1996-11-24,owner,5042,330,1998-07-12,331584,48,6908.0,C,1973-05-26,42,F,"","",""
404,404,330,42,monthly,1996-11-24,disponent,5042,330,1998-07-12,331584,48,6908.0,C,1967-04-20,42,M,"","",""
5788,5788,4794,72,monthly,1996-12-18,owner,5976,4794,1997-12-27,465504,48,9698.0,D,1962-05-04,72,M,"","",""
13647,13955,11349,1,weekly,1995-05-26,owner,7304,11349,1995-10-29,419880,60,6998.0,C,1945-10-30,1,F,"","",""
13648,13956,11349,1,weekly,1995-05-26,disponent,7304,11349,1995-10-29,419880,60,6998.0,C,1943-04-06,1,M,"","",""
8096,8096,6706,38,monthly,1996-12-28,owner,6357,6706,1998-07-12,64860,60,1081.0,C,1979-11-02,38,F,"","",""
10209,10517,8523,54,monthly,1996-11-25,owner,6730,8523,1998-02-15,93036,12,7753.0,C,1980-09-12,54,F,"","",""
7723,7723,6397,48,monthly,1995-03-15,owner,6302,6397,1996-09-16,181020,60,3017.0,C,1966-06-14,48,F,"","",""
7724,7724,6397,48,monthly,1995-03-15,disponent,6302,6397,1996-09-16,181020,60,3017.0,C,1968-02-23,48,M,"","",""
1681,1681,1389,34,monthly,1997-08-05,owner,5241,1389,1998-09-02,125472,24,5228.0,C,1940-11-25,34,M,"","",""
7672,7672,6353,26,monthly,1993-11-26,owner,6294,6353,1995-02-12,79920,60,1332.0,C,1953-04-05,26,M,904,classic,1998-01-22
11208,11516,9353,59,monthly,1995-11-03,owner,6908,9353,1997-06-08,188616,24,7859.0,C,1938-11-09,59,M,"","",""
11209,11517,9353,59,monthly,1995-11-03,disponent,6908,9353,1997-06-08,188616,24,7859.0,C,1940-05-21,59,F,"","",""
1608,1608,1329,53,monthly,1996-09-16,owner,5229,1329,1997-09-06,23520,12,1960.0,A,1941-11-11,53,M,"","",""
1609,1609,1329,53,monthly,1996-09-16,disponent,5229,1329,1997-09-06,23520,12,1960.0,A,1944-05-30,53,F,"","",""
7127,7127,5891,54,monthly,1993-01-25,owner,6202,5891,1994-04-18,65184,12,5432.0,A,1957-09-29,3,M,874,gold,1997-10-07
